"Site_Name","Loc_Name","Year","Common","Spp_Name","Spp_Code","Com_Sp","variable","QAQC","mean","se","N"
"Acadia NP","Bass Harbor","2013","Northern sea star","Asterias forbesii","ASTFOR","Northern sea star (Asterias forbesii)","Abundance",FALSE,0,0,3
"Acadia NP","Bass Harbor","2013","Northern sea star","Asterias forbesii","ASTFOR","Northern sea star (Asterias forbesii)","Abundance",TRUE,0,0,3
"Acadia NP","Bass Harbor","2013","Northern sea star","Asterias forbesii","ASTFOR","Northern sea star (Asterias forbesii)","logAbundance",FALSE,0,0,3
"Acadia NP","Bass Harbor","2013","Northern sea star","Asterias forbesii","ASTFOR","Northern sea star (Asterias forbesii)","logAbundance",TRUE,0,0,3
"Acadia NP","Bass Harbor","2013","Common sea star","Asterias rubens","ASTRUB","Common sea star (Asterias rubens)","Abundance",FALSE,0,0,3
"Acadia NP","Bass Harbor","2013","Common sea star","Asterias rubens","ASTRUB","Common sea star (Asterias rubens)","Abundance",TRUE,0,0,3
"Acadia NP","Bass Harbor","2013","Common sea star","Asterias rubens","ASTRUB","Common sea star (Asterias rubens)","logAbundance",FALSE,0,0,3
"Acadia NP","Bass Harbor","2013","Common sea star","Asterias rubens","ASTRUB","Common sea star (Asterias rubens)","logAbundance",TRUE,0,0,3
"Acadia NP","Bass Harbor","2013","Blood sea star","Henricia sanguinolenta","HENSAN","Blood sea star (Henricia sanguinolenta)","Abundance",FALSE,0,0,3
"Acadia NP","Bass Harbor","2013","Blood sea star","Henricia sanguinolenta","HENSAN","Blood sea star (Henricia sanguinolenta)","Abundance",TRUE,0,0,3
"Acadia NP","Bass Harbor","2013","Blood sea star","Henricia sanguinolenta","HENSAN","Blood sea star (Henricia sanguinolenta)","logAbundance",FALSE,0,0,3
"Acadia NP","Bass Harbor","2013","Blood sea star","Henricia sanguinolenta","HENSAN","Blood sea star (Henricia sanguinolenta)","logAbundance",TRUE,0,0,3
"Acadia NP","Bass Harbor","2013","Green sea urchin","Strongylocentrotus droebachiensis","STRDRO","Green sea urchin (Strongylocentrotus droebachiensis)","Abundance",FALSE,0,0,3
"Acadia NP","Bass Harbor","2013","Green sea urchin","Strongylocentrotus droebachiensis","STRDRO","Green sea urchin (Strongylocentrotus droebachiensis)","Abundance",TRUE,0.02,0.02,3
"Acadia NP","Bass Harbor","2013","Green sea urchin","Strongylocentrotus droebachiensis","STRDRO","Green sea urchin (Strongylocentrotus droebachiensis)","logAbundance",FALSE,0,0,3
"Acadia NP","Bass Harbor","2013","Green sea urchin","Strongylocentrotus droebachiensis","STRDRO","Green sea urchin (Strongylocentrotus droebachiensis)","logAbundance",TRUE,0.02,0.02,3
"Acadia NP","Bass Harbor","2014","Northern sea star","Asterias forbesii","ASTFOR","Northern sea star (Asterias forbesii)","Abundance",FALSE,0,0,3
"Acadia NP","Bass Harbor","2014","Northern sea star","Asterias forbesii","ASTFOR","Northern sea star (Asterias forbesii)","logAbundance",FALSE,0,0,3
"Acadia NP","Bass Harbor","2014","Common sea star","Asterias rubens","ASTRUB","Common sea star (Asterias rubens)","Abundance",FALSE,0.02,0.02,3
"Acadia NP","Bass Harbor","2014","Common sea star","Asterias rubens","ASTRUB","Common sea star (Asterias rubens)","logAbundance",FALSE,0.02,0.02,3
"Acadia NP","Bass Harbor","2014","Blood sea star","Henricia sanguinolenta","HENSAN","Blood sea star (Henricia sanguinolenta)","Abundance",FALSE,0,0,3
"Acadia NP","Bass Harbor","2014","Blood sea star","Henricia sanguinolenta","HENSAN","Blood sea star (Henricia sanguinolenta)","logAbundance",FALSE,0,0,3
"Acadia NP","Bass Harbor","2014","Green sea urchin","Strongylocentrotus droebachiensis","STRDRO","Green sea urchin (Strongylocentrotus droebachiensis)","Abundance",FALSE,0.2,0.2,3
"Acadia NP","Bass Harbor","2014","Green sea urchin","Strongylocentrotus droebachiensis","STRDRO","Green sea urchin (Strongylocentrotus droebachiensis)","logAbundance",FALSE,0.16,0.16,3
"Acadia NP","Bass Harbor","2015","Northern sea star","Asterias forbesii","ASTFOR","Northern sea star (Asterias forbesii)","Abundance",FALSE,0,0,3
"Acadia NP","Bass Harbor","2015","Northern sea star","Asterias forbesii","ASTFOR","Northern sea star (Asterias forbesii)","logAbundance",FALSE,0,0,3
"Acadia NP","Bass Harbor","2015","Common sea star","Asterias rubens","ASTRUB","Common sea star (Asterias rubens)","Abundance",FALSE,0.05,0.05,3
"Acadia NP","Bass Harbor","2015","Common sea star","Asterias rubens","ASTRUB","Common sea star (Asterias rubens)","logAbundance",FALSE,0.05,0.05,3
"Acadia NP","Bass Harbor","2015","Blood sea star","Henricia sanguinolenta","HENSAN","Blood sea star (Henricia sanguinolenta)","Abundance",FALSE,0,0,3
"Acadia NP","Bass Harbor","2015","Blood sea star","Henricia sanguinolenta","HENSAN","Blood sea star (Henricia sanguinolenta)","logAbundance",FALSE,0,0,3
"Acadia NP","Bass Harbor","2015","Green sea urchin","Strongylocentrotus droebachiensis","STRDRO","Green sea urchin (Strongylocentrotus droebachiensis)","Abundance",FALSE,0.08,0.08,3
"Acadia NP","Bass Harbor","2015","Green sea urchin","Strongylocentrotus droebachiensis","STRDRO","Green sea urchin (Strongylocentrotus droebachiensis)","logAbundance",FALSE,0.07,0.07,3
"Acadia NP","Bass Harbor","2016","Northern sea star","Asterias forbesii","ASTFOR","Northern sea star (Asterias forbesii)","Abundance",FALSE,0,0,3
"Acadia NP","Bass Harbor","2016","Northern sea star","Asterias forbesii","ASTFOR","Northern sea star (Asterias forbesii)","logAbundance",FALSE,0,0,3
"Acadia NP","Bass Harbor","2016","Common sea star","Asterias rubens","ASTRUB","Common sea star (Asterias rubens)","Abundance",FALSE,0,0,3
"Acadia NP","Bass Harbor","2016","Common sea star","Asterias rubens","ASTRUB","Common sea star (Asterias rubens)","logAbundance",FALSE,0,0,3
"Acadia NP","Bass Harbor","2016","Blood sea star","Henricia sanguinolenta","HENSAN","Blood sea star (Henricia sanguinolenta)","Abundance",FALSE,0,0,3
"Acadia NP","Bass Harbor","2016","Blood sea star","Henricia sanguinolenta","HENSAN","Blood sea star (Henricia sanguinolenta)","logAbundance",FALSE,0,0,3
"Acadia NP","Bass Harbor","2016","Green sea urchin","Strongylocentrotus droebachiensis","STRDRO","Green sea urchin (Strongylocentrotus droebachiensis)","Abundance",FALSE,0.03,0.03,3
"Acadia NP","Bass Harbor","2016","Green sea urchin","Strongylocentrotus droebachiensis","STRDRO","Green sea urchin (Strongylocentrotus droebachiensis)","logAbundance",FALSE,0.03,0.03,3
"Acadia NP","Bass Harbor","2017","Northern sea star","Asterias forbesii","ASTFOR","Northern sea star (Asterias forbesii)","Abundance",FALSE,0,0,3
"Acadia NP","Bass Harbor","2017","Northern sea star","Asterias forbesii","ASTFOR","Northern sea star (Asterias forbesii)","logAbundance",FALSE,0,0,3
"Acadia NP","Bass Harbor","2017","Common sea star","Asterias rubens","ASTRUB","Common sea star (Asterias rubens)","Abundance",FALSE,0.02,0.02,3
"Acadia NP","Bass Harbor","2017","Common sea star","Asterias rubens","ASTRUB","Common sea star (Asterias rubens)","logAbundance",FALSE,0.02,0.02,3
"Acadia NP","Bass Harbor","2017","Blood sea star","Henricia sanguinolenta","HENSAN","Blood sea star (Henricia sanguinolenta)","Abundance",FALSE,0,0,3
"Acadia NP","Bass Harbor","2017","Blood sea star","Henricia sanguinolenta","HENSAN","Blood sea star (Henricia sanguinolenta)","logAbundance",FALSE,0,0,3
"Acadia NP","Bass Harbor","2017","Green sea urchin","Strongylocentrotus droebachiensis","STRDRO","Green sea urchin (Strongylocentrotus droebachiensis)","Abundance",FALSE,0.25,0.25,3
"Acadia NP","Bass Harbor","2017","Green sea urchin","Strongylocentrotus droebachiensis","STRDRO","Green sea urchin (Strongylocentrotus droebachiensis)","logAbundance",FALSE,0.19,0.19,3
"Acadia NP","Bass Harbor","2018","Northern sea star","Asterias forbesii","ASTFOR","Northern sea star (Asterias forbesii)","Abundance",FALSE,0,0,3
"Acadia NP","Bass Harbor","2018","Northern sea star","Asterias forbesii","ASTFOR","Northern sea star (Asterias forbesii)","logAbundance",FALSE,0,0,3
"Acadia NP","Bass Harbor","2018","Common sea star","Asterias rubens","ASTRUB","Common sea star (Asterias rubens)","Abundance",FALSE,0.02,0.02,3
"Acadia NP","Bass Harbor","2018","Common sea star","Asterias rubens","ASTRUB","Common sea star (Asterias rubens)","logAbundance",FALSE,0.02,0.02,3
"Acadia NP","Bass Harbor","2018","Blood sea star","Henricia sanguinolenta","HENSAN","Blood sea star (Henricia sanguinolenta)","Abundance",FALSE,0,0,3
"Acadia NP","Bass Harbor","2018","Blood sea star","Henricia sanguinolenta","HENSAN","Blood sea star (Henricia sanguinolenta)","logAbundance",FALSE,0,0,3
"Acadia NP","Bass Harbor","2018","Green sea urchin","Strongylocentrotus droebachiensis","STRDRO","Green sea urchin (Strongylocentrotus droebachiensis)","Abundance",FALSE,0.3,0.3,3
"Acadia NP","Bass Harbor","2018","Green sea urchin","Strongylocentrotus droebachiensis","STRDRO","Green sea urchin (Strongylocentrotus droebachiensis)","logAbundance",FALSE,0.21,0.21,3
"Acadia NP","Bass Harbor","2019","Northern sea star","Asterias forbesii","ASTFOR","Northern sea star (Asterias forbesii)","Abundance",FALSE,0,0,3
"Acadia NP","Bass Harbor","2019","Northern sea star","Asterias forbesii","ASTFOR","Northern sea star (Asterias forbesii)","Abundance",TRUE,0,0,2
"Acadia NP","Bass Harbor","2019","Northern sea star","Asterias forbesii","ASTFOR","Northern sea star (Asterias forbesii)","logAbundance",FALSE,0,0,3
"Acadia NP","Bass Harbor","2019","Northern sea star","Asterias forbesii","ASTFOR","Northern sea star (Asterias forbesii)","logAbundance",TRUE,0,0,2
"Acadia NP","Bass Harbor","2019","Common sea star","Asterias rubens","ASTRUB","Common sea star (Asterias rubens)","Abundance",FALSE,0,0,3
"Acadia NP","Bass Harbor","2019","Common sea star","Asterias rubens","ASTRUB","Common sea star (Asterias rubens)","Abundance",TRUE,0,0,2
"Acadia NP","Bass Harbor","2019","Common sea star","Asterias rubens","ASTRUB","Common sea star (Asterias rubens)","logAbundance",FALSE,0,0,3
"Acadia NP","Bass Harbor","2019","Common sea star","Asterias rubens","ASTRUB","Common sea star (Asterias rubens)","logAbundance",TRUE,0,0,2
"Acadia NP","Bass Harbor","2019","Blood sea star","Henricia sanguinolenta","HENSAN","Blood sea star (Henricia sanguinolenta)","Abundance",FALSE,0,0,3
"Acadia NP","Bass Harbor","2019","Blood sea star","Henricia sanguinolenta","HENSAN","Blood sea star (Henricia sanguinolenta)","Abundance",TRUE,0,0,2
"Acadia NP","Bass Harbor","2019","Blood sea star","Henricia sanguinolenta","HENSAN","Blood sea star (Henricia sanguinolenta)","logAbundance",FALSE,0,0,3
"Acadia NP","Bass Harbor","2019","Blood sea star","Henricia sanguinolenta","HENSAN","Blood sea star (Henricia sanguinolenta)","logAbundance",TRUE,0,0,2
"Acadia NP","Bass Harbor","2019","Green sea urchin","Strongylocentrotus droebachiensis","STRDRO","Green sea urchin (Strongylocentrotus droebachiensis)","Abundance",FALSE,0.02,0.02,3
"Acadia NP","Bass Harbor","2019","Green sea urchin","Strongylocentrotus droebachiensis","STRDRO","Green sea urchin (Strongylocentrotus droebachiensis)","Abundance",TRUE,0.65,0.5,2
"Acadia NP","Bass Harbor","2019","Green sea urchin","Strongylocentrotus droebachiensis","STRDRO","Green sea urchin (Strongylocentrotus droebachiensis)","logAbundance",FALSE,0.02,0.02,3
"Acadia NP","Bass Harbor","2019","Green sea urchin","Strongylocentrotus droebachiensis","STRDRO","Green sea urchin (Strongylocentrotus droebachiensis)","logAbundance",TRUE,0.45,0.31,2
"Acadia NP","Little Hunter","2016","Northern sea star","Asterias forbesii","ASTFOR","Northern sea star (Asterias forbesii)","Abundance",FALSE,0,0,3
"Acadia NP","Little Hunter","2016","Northern sea star","Asterias forbesii","ASTFOR","Northern sea star (Asterias forbesii)","logAbundance",FALSE,0,0,3
"Acadia NP","Little Hunter","2016","Common sea star","Asterias rubens","ASTRUB","Common sea star (Asterias rubens)","Abundance",FALSE,0.17,0.1,3
"Acadia NP","Little Hunter","2016","Common sea star","Asterias rubens","ASTRUB","Common sea star (Asterias rubens)","logAbundance",FALSE,0.15,0.09,3
"Acadia NP","Little Hunter","2016","Blood sea star","Henricia sanguinolenta","HENSAN","Blood sea star (Henricia sanguinolenta)","Abundance",FALSE,0,0,3
"Acadia NP","Little Hunter","2016","Blood sea star","Henricia sanguinolenta","HENSAN","Blood sea star (Henricia sanguinolenta)","logAbundance",FALSE,0,0,3
"Acadia NP","Little Hunter","2016","Green sea urchin","Strongylocentrotus droebachiensis","STRDRO","Green sea urchin (Strongylocentrotus droebachiensis)","Abundance",FALSE,3.25,3.23,3
"Acadia NP","Little Hunter","2016","Green sea urchin","Strongylocentrotus droebachiensis","STRDRO","Green sea urchin (Strongylocentrotus droebachiensis)","logAbundance",FALSE,0.81,0.78,3
"Acadia NP","Little Hunter","2017","Northern sea star","Asterias forbesii","ASTFOR","Northern sea star (Asterias forbesii)","Abundance",FALSE,0.03,0.03,3
"Acadia NP","Little Hunter","2017","Northern sea star","Asterias forbesii","ASTFOR","Northern sea star (Asterias forbesii)","Abundance",TRUE,0.02,0.02,2
"Acadia NP","Little Hunter","2017","Northern sea star","Asterias forbesii","ASTFOR","Northern sea star (Asterias forbesii)","logAbundance",FALSE,0.03,0.03,3
"Acadia NP","Little Hunter","2017","Northern sea star","Asterias forbesii","ASTFOR","Northern sea star (Asterias forbesii)","logAbundance",TRUE,0.02,0.02,2
"Acadia NP","Little Hunter","2017","Common sea star","Asterias rubens","ASTRUB","Common sea star (Asterias rubens)","Abundance",FALSE,0.05,0.03,3
"Acadia NP","Little Hunter","2017","Common sea star","Asterias rubens","ASTRUB","Common sea star (Asterias rubens)","Abundance",TRUE,0.02,0.02,2
"Acadia NP","Little Hunter","2017","Common sea star","Asterias rubens","ASTRUB","Common sea star (Asterias rubens)","logAbundance",FALSE,0.05,0.03,3
"Acadia NP","Little Hunter","2017","Common sea star","Asterias rubens","ASTRUB","Common sea star (Asterias rubens)","logAbundance",TRUE,0.02,0.02,2
"Acadia NP","Little Hunter","2017","Blood sea star","Henricia sanguinolenta","HENSAN","Blood sea star (Henricia sanguinolenta)","Abundance",FALSE,0,0,3
"Acadia NP","Little Hunter","2017","Blood sea star","Henricia sanguinolenta","HENSAN","Blood sea star (Henricia sanguinolenta)","Abundance",TRUE,0,0,2
"Acadia NP","Little Hunter","2017","Blood sea star","Henricia sanguinolenta","HENSAN","Blood sea star (Henricia sanguinolenta)","logAbundance",FALSE,0,0,3
"Acadia NP","Little Hunter","2017","Blood sea star","Henricia sanguinolenta","HENSAN","Blood sea star (Henricia sanguinolenta)","logAbundance",TRUE,0,0,2
"Acadia NP","Little Hunter","2017","Green sea urchin","Strongylocentrotus droebachiensis","STRDRO","Green sea urchin (Strongylocentrotus droebachiensis)","Abundance",FALSE,7.23,7.23,3
"Acadia NP","Little Hunter","2017","Green sea urchin","Strongylocentrotus droebachiensis","STRDRO","Green sea urchin (Strongylocentrotus droebachiensis)","Abundance",TRUE,0.02,0.02,2
"Acadia NP","Little Hunter","2017","Green sea urchin","Strongylocentrotus droebachiensis","STRDRO","Green sea urchin (Strongylocentrotus droebachiensis)","logAbundance",FALSE,1.04,1.04,3
"Acadia NP","Little Hunter","2017","Green sea urchin","Strongylocentrotus droebachiensis","STRDRO","Green sea urchin (Strongylocentrotus droebachiensis)","logAbundance",TRUE,0.02,0.02,2
"Acadia NP","Little Hunter","2018","Northern sea star","Asterias forbesii","ASTFOR","Northern sea star (Asterias forbesii)","Abundance",FALSE,0,0,3
"Acadia NP","Little Hunter","2018","Northern sea star","Asterias forbesii","ASTFOR","Northern sea star (Asterias forbesii)","logAbundance",FALSE,0,0,3
"Acadia NP","Little Hunter","2018","Common sea star","Asterias rubens","ASTRUB","Common sea star (Asterias rubens)","Abundance",FALSE,0.13,0.13,3
"Acadia NP","Little Hunter","2018","Common sea star","Asterias rubens","ASTRUB","Common sea star (Asterias rubens)","logAbundance",FALSE,0.11,0.11,3
"Acadia NP","Little Hunter","2018","Blood sea star","Henricia sanguinolenta","HENSAN","Blood sea star (Henricia sanguinolenta)","Abundance",FALSE,0,0,3
"Acadia NP","Little Hunter","2018","Blood sea star","Henricia sanguinolenta","HENSAN","Blood sea star (Henricia sanguinolenta)","logAbundance",FALSE,0,0,3
"Acadia NP","Little Hunter","2018","Green sea urchin","Strongylocentrotus droebachiensis","STRDRO","Green sea urchin (Strongylocentrotus droebachiensis)","Abundance",FALSE,6.6,6.45,3
"Acadia NP","Little Hunter","2018","Green sea urchin","Strongylocentrotus droebachiensis","STRDRO","Green sea urchin (Strongylocentrotus droebachiensis)","logAbundance",FALSE,1.09,0.97,3
"Acadia NP","Little Hunter","2019","Northern sea star","Asterias forbesii","ASTFOR","Northern sea star (Asterias forbesii)","Abundance",FALSE,0,0,3
"Acadia NP","Little Hunter","2019","Northern sea star","Asterias forbesii","ASTFOR","Northern sea star (Asterias forbesii)","logAbundance",FALSE,0,0,3
"Acadia NP","Little Hunter","2019","Common sea star","Asterias rubens","ASTRUB","Common sea star (Asterias rubens)","Abundance",FALSE,0.05,0.05,3
"Acadia NP","Little Hunter","2019","Common sea star","Asterias rubens","ASTRUB","Common sea star (Asterias rubens)","logAbundance",FALSE,0.05,0.05,3
"Acadia NP","Little Hunter","2019","Blood sea star","Henricia sanguinolenta","HENSAN","Blood sea star (Henricia sanguinolenta)","Abundance",FALSE,0,0,3
"Acadia NP","Little Hunter","2019","Blood sea star","Henricia sanguinolenta","HENSAN","Blood sea star (Henricia sanguinolenta)","logAbundance",FALSE,0,0,3
"Acadia NP","Little Hunter","2019","Green sea urchin","Strongylocentrotus droebachiensis","STRDRO","Green sea urchin (Strongylocentrotus droebachiensis)","Abundance",FALSE,3.32,3.32,3
"Acadia NP","Little Hunter","2019","Green sea urchin","Strongylocentrotus droebachiensis","STRDRO","Green sea urchin (Strongylocentrotus droebachiensis)","logAbundance",FALSE,0.8,0.8,3
"Acadia NP","Little Moose","2016","Northern sea star","Asterias forbesii","ASTFOR","Northern sea star (Asterias forbesii)","Abundance",FALSE,0,0,3
"Acadia NP","Little Moose","2016","Northern sea star","Asterias forbesii","ASTFOR","Northern sea star (Asterias forbesii)","logAbundance",FALSE,0,0,3
"Acadia NP","Little Moose","2016","Common sea star","Asterias rubens","ASTRUB","Common sea star (Asterias rubens)","Abundance",FALSE,0.4,0.16,3
"Acadia NP","Little Moose","2016","Common sea star","Asterias rubens","ASTRUB","Common sea star (Asterias rubens)","logAbundance",FALSE,0.32,0.11,3
"Acadia NP","Little Moose","2016","Blood sea star","Henricia sanguinolenta","HENSAN","Blood sea star (Henricia sanguinolenta)","Abundance",FALSE,0,0,3
"Acadia NP","Little Moose","2016","Blood sea star","Henricia sanguinolenta","HENSAN","Blood sea star (Henricia sanguinolenta)","logAbundance",FALSE,0,0,3
"Acadia NP","Little Moose","2016","Green sea urchin","Strongylocentrotus droebachiensis","STRDRO","Green sea urchin (Strongylocentrotus droebachiensis)","Abundance",FALSE,8.42,4.65,3
"Acadia NP","Little Moose","2016","Green sea urchin","Strongylocentrotus droebachiensis","STRDRO","Green sea urchin (Strongylocentrotus droebachiensis)","logAbundance",FALSE,1.77,0.81,3
"Acadia NP","Little Moose","2017","Northern sea star","Asterias forbesii","ASTFOR","Northern sea star (Asterias forbesii)","Abundance",FALSE,0.22,0.13,3
"Acadia NP","Little Moose","2017","Northern sea star","Asterias forbesii","ASTFOR","Northern sea star (Asterias forbesii)","logAbundance",FALSE,0.18,0.11,3
"Acadia NP","Little Moose","2017","Common sea star","Asterias rubens","ASTRUB","Common sea star (Asterias rubens)","Abundance",FALSE,0.45,0.13,3
"Acadia NP","Little Moose","2017","Common sea star","Asterias rubens","ASTRUB","Common sea star (Asterias rubens)","logAbundance",FALSE,0.36,0.08,3
"Acadia NP","Little Moose","2017","Blood sea star","Henricia sanguinolenta","HENSAN","Blood sea star (Henricia sanguinolenta)","Abundance",FALSE,0,0,3
"Acadia NP","Little Moose","2017","Blood sea star","Henricia sanguinolenta","HENSAN","Blood sea star (Henricia sanguinolenta)","logAbundance",FALSE,0,0,3
"Acadia NP","Little Moose","2017","Green sea urchin","Strongylocentrotus droebachiensis","STRDRO","Green sea urchin (Strongylocentrotus droebachiensis)","Abundance",FALSE,18.13,7.75,3
"Acadia NP","Little Moose","2017","Green sea urchin","Strongylocentrotus droebachiensis","STRDRO","Green sea urchin (Strongylocentrotus droebachiensis)","logAbundance",FALSE,2.63,0.66,3
"Acadia NP","Little Moose","2018","Northern sea star","Asterias forbesii","ASTFOR","Northern sea star (Asterias forbesii)","Abundance",FALSE,0.03,0.03,3
"Acadia NP","Little Moose","2018","Northern sea star","Asterias forbesii","ASTFOR","Northern sea star (Asterias forbesii)","logAbundance",FALSE,0.03,0.03,3
"Acadia NP","Little Moose","2018","Common sea star","Asterias rubens","ASTRUB","Common sea star (Asterias rubens)","Abundance",FALSE,0.17,0.06,3
"Acadia NP","Little Moose","2018","Common sea star","Asterias rubens","ASTRUB","Common sea star (Asterias rubens)","logAbundance",FALSE,0.15,0.05,3
"Acadia NP","Little Moose","2018","Blood sea star","Henricia sanguinolenta","HENSAN","Blood sea star (Henricia sanguinolenta)","Abundance",FALSE,0.02,0.02,3
"Acadia NP","Little Moose","2018","Blood sea star","Henricia sanguinolenta","HENSAN","Blood sea star (Henricia sanguinolenta)","logAbundance",FALSE,0.02,0.02,3
"Acadia NP","Little Moose","2018","Green sea urchin","Strongylocentrotus droebachiensis","STRDRO","Green sea urchin (Strongylocentrotus droebachiensis)","Abundance",FALSE,8.38,4.66,3
"Acadia NP","Little Moose","2018","Green sea urchin","Strongylocentrotus droebachiensis","STRDRO","Green sea urchin (Strongylocentrotus droebachiensis)","logAbundance",FALSE,1.98,0.5,3
"Acadia NP","Little Moose","2019","Northern sea star","Asterias forbesii","ASTFOR","Northern sea star (Asterias forbesii)","Abundance",FALSE,0.17,0.12,3
"Acadia NP","Little Moose","2019","Northern sea star","Asterias forbesii","ASTFOR","Northern sea star (Asterias forbesii)","logAbundance",FALSE,0.14,0.1,3
"Acadia NP","Little Moose","2019","Common sea star","Asterias rubens","ASTRUB","Common sea star (Asterias rubens)","Abundance",FALSE,0.5,0.28,3
"Acadia NP","Little Moose","2019","Common sea star","Asterias rubens","ASTRUB","Common sea star (Asterias rubens)","logAbundance",FALSE,0.37,0.18,3
"Acadia NP","Little Moose","2019","Blood sea star","Henricia sanguinolenta","HENSAN","Blood sea star (Henricia sanguinolenta)","Abundance",FALSE,0,0,3
"Acadia NP","Little Moose","2019","Blood sea star","Henricia sanguinolenta","HENSAN","Blood sea star (Henricia sanguinolenta)","logAbundance",FALSE,0,0,3
"Acadia NP","Little Moose","2019","Green sea urchin","Strongylocentrotus droebachiensis","STRDRO","Green sea urchin (Strongylocentrotus droebachiensis)","Abundance",FALSE,10.12,5.07,3
"Acadia NP","Little Moose","2019","Green sea urchin","Strongylocentrotus droebachiensis","STRDRO","Green sea urchin (Strongylocentrotus droebachiensis)","logAbundance",FALSE,2.09,0.62,3
"Acadia NP","Otter Point","2013","Northern sea star","Asterias forbesii","ASTFOR","Northern sea star (Asterias forbesii)","Abundance",FALSE,0,0,3
"Acadia NP","Otter Point","2013","Northern sea star","Asterias forbesii","ASTFOR","Northern sea star (Asterias forbesii)","logAbundance",FALSE,0,0,3
"Acadia NP","Otter Point","2013","Common sea star","Asterias rubens","ASTRUB","Common sea star (Asterias rubens)","Abundance",FALSE,0.08,0.02,3
"Acadia NP","Otter Point","2013","Common sea star","Asterias rubens","ASTRUB","Common sea star (Asterias rubens)","logAbundance",FALSE,0.08,0.02,3
"Acadia NP","Otter Point","2013","Blood sea star","Henricia sanguinolenta","HENSAN","Blood sea star (Henricia sanguinolenta)","Abundance",FALSE,0,0,3
"Acadia NP","Otter Point","2013","Blood sea star","Henricia sanguinolenta","HENSAN","Blood sea star (Henricia sanguinolenta)","logAbundance",FALSE,0,0,3
"Acadia NP","Otter Point","2013","Green sea urchin","Strongylocentrotus droebachiensis","STRDRO","Green sea urchin (Strongylocentrotus droebachiensis)","Abundance",FALSE,0.08,0.08,3
"Acadia NP","Otter Point","2013","Green sea urchin","Strongylocentrotus droebachiensis","STRDRO","Green sea urchin (Strongylocentrotus droebachiensis)","logAbundance",FALSE,0.07,0.07,3
"Acadia NP","Otter Point","2014","Northern sea star","Asterias forbesii","ASTFOR","Northern sea star (Asterias forbesii)","Abundance",FALSE,0,0,3
"Acadia NP","Otter Point","2014","Northern sea star","Asterias forbesii","ASTFOR","Northern sea star (Asterias forbesii)","logAbundance",FALSE,0,0,3
"Acadia NP","Otter Point","2014","Common sea star","Asterias rubens","ASTRUB","Common sea star (Asterias rubens)","Abundance",FALSE,0.5,0.2,3
"Acadia NP","Otter Point","2014","Common sea star","Asterias rubens","ASTRUB","Common sea star (Asterias rubens)","logAbundance",FALSE,0.39,0.15,3
"Acadia NP","Otter Point","2014","Blood sea star","Henricia sanguinolenta","HENSAN","Blood sea star (Henricia sanguinolenta)","Abundance",FALSE,0,0,3
"Acadia NP","Otter Point","2014","Blood sea star","Henricia sanguinolenta","HENSAN","Blood sea star (Henricia sanguinolenta)","logAbundance",FALSE,0,0,3
"Acadia NP","Otter Point","2014","Green sea urchin","Strongylocentrotus droebachiensis","STRDRO","Green sea urchin (Strongylocentrotus droebachiensis)","Abundance",FALSE,0.7,0.49,3
"Acadia NP","Otter Point","2014","Green sea urchin","Strongylocentrotus droebachiensis","STRDRO","Green sea urchin (Strongylocentrotus droebachiensis)","logAbundance",FALSE,0.45,0.28,3
"Acadia NP","Otter Point","2015","Northern sea star","Asterias forbesii","ASTFOR","Northern sea star (Asterias forbesii)","Abundance",FALSE,0,0,3
"Acadia NP","Otter Point","2015","Northern sea star","Asterias forbesii","ASTFOR","Northern sea star (Asterias forbesii)","logAbundance",FALSE,0,0,3
"Acadia NP","Otter Point","2015","Common sea star","Asterias rubens","ASTRUB","Common sea star (Asterias rubens)","Abundance",FALSE,0.15,0.05,3
"Acadia NP","Otter Point","2015","Common sea star","Asterias rubens","ASTRUB","Common sea star (Asterias rubens)","logAbundance",FALSE,0.14,0.04,3
"Acadia NP","Otter Point","2015","Blood sea star","Henricia sanguinolenta","HENSAN","Blood sea star (Henricia sanguinolenta)","Abundance",FALSE,0.02,0.02,3
"Acadia NP","Otter Point","2015","Blood sea star","Henricia sanguinolenta","HENSAN","Blood sea star (Henricia sanguinolenta)","logAbundance",FALSE,0.02,0.02,3
"Acadia NP","Otter Point","2015","Green sea urchin","Strongylocentrotus droebachiensis","STRDRO","Green sea urchin (Strongylocentrotus droebachiensis)","Abundance",FALSE,0.12,0.12,3
"Acadia NP","Otter Point","2015","Green sea urchin","Strongylocentrotus droebachiensis","STRDRO","Green sea urchin (Strongylocentrotus droebachiensis)","logAbundance",FALSE,0.1,0.1,3
"Acadia NP","Otter Point","2016","Northern sea star","Asterias forbesii","ASTFOR","Northern sea star (Asterias forbesii)","Abundance",FALSE,0.02,0.02,3
"Acadia NP","Otter Point","2016","Northern sea star","Asterias forbesii","ASTFOR","Northern sea star (Asterias forbesii)","Abundance",TRUE,0,0,3
"Acadia NP","Otter Point","2016","Northern sea star","Asterias forbesii","ASTFOR","Northern sea star (Asterias forbesii)","logAbundance",FALSE,0.02,0.02,3
"Acadia NP","Otter Point","2016","Northern sea star","Asterias forbesii","ASTFOR","Northern sea star (Asterias forbesii)","logAbundance",TRUE,0,0,3
"Acadia NP","Otter Point","2016","Common sea star","Asterias rubens","ASTRUB","Common sea star (Asterias rubens)","Abundance",FALSE,0.47,0.19,3
"Acadia NP","Otter Point","2016","Common sea star","Asterias rubens","ASTRUB","Common sea star (Asterias rubens)","Abundance",TRUE,0.42,0.27,3
"Acadia NP","Otter Point","2016","Common sea star","Asterias rubens","ASTRUB","Common sea star (Asterias rubens)","logAbundance",FALSE,0.37,0.12,3
"Acadia NP","Otter Point","2016","Common sea star","Asterias rubens","ASTRUB","Common sea star (Asterias rubens)","logAbundance",TRUE,0.32,0.18,3
"Acadia NP","Otter Point","2016","Blood sea star","Henricia sanguinolenta","HENSAN","Blood sea star (Henricia sanguinolenta)","Abundance",FALSE,0,0,3
"Acadia NP","Otter Point","2016","Blood sea star","Henricia sanguinolenta","HENSAN","Blood sea star (Henricia sanguinolenta)","Abundance",TRUE,0,0,3
"Acadia NP","Otter Point","2016","Blood sea star","Henricia sanguinolenta","HENSAN","Blood sea star (Henricia sanguinolenta)","logAbundance",FALSE,0,0,3
"Acadia NP","Otter Point","2016","Blood sea star","Henricia sanguinolenta","HENSAN","Blood sea star (Henricia sanguinolenta)","logAbundance",TRUE,0,0,3
"Acadia NP","Otter Point","2016","Green sea urchin","Strongylocentrotus droebachiensis","STRDRO","Green sea urchin (Strongylocentrotus droebachiensis)","Abundance",FALSE,0.22,0.22,3
"Acadia NP","Otter Point","2016","Green sea urchin","Strongylocentrotus droebachiensis","STRDRO","Green sea urchin (Strongylocentrotus droebachiensis)","Abundance",TRUE,0.03,0.03,3
"Acadia NP","Otter Point","2016","Green sea urchin","Strongylocentrotus droebachiensis","STRDRO","Green sea urchin (Strongylocentrotus droebachiensis)","logAbundance",FALSE,0.17,0.17,3
"Acadia NP","Otter Point","2016","Green sea urchin","Strongylocentrotus droebachiensis","STRDRO","Green sea urchin (Strongylocentrotus droebachiensis)","logAbundance",TRUE,0.03,0.03,3
"Acadia NP","Otter Point","2017","Northern sea star","Asterias forbesii","ASTFOR","Northern sea star (Asterias forbesii)","Abundance",FALSE,0.05,0.05,3
"Acadia NP","Otter Point","2017","Northern sea star","Asterias forbesii","ASTFOR","Northern sea star (Asterias forbesii)","logAbundance",FALSE,0.05,0.05,3
"Acadia NP","Otter Point","2017","Common sea star","Asterias rubens","ASTRUB","Common sea star (Asterias rubens)","Abundance",FALSE,0.07,0.04,3
"Acadia NP","Otter Point","2017","Common sea star","Asterias rubens","ASTRUB","Common sea star (Asterias rubens)","logAbundance",FALSE,0.06,0.04,3
"Acadia NP","Otter Point","2017","Blood sea star","Henricia sanguinolenta","HENSAN","Blood sea star (Henricia sanguinolenta)","Abundance",FALSE,0,0,3
"Acadia NP","Otter Point","2017","Blood sea star","Henricia sanguinolenta","HENSAN","Blood sea star (Henricia sanguinolenta)","logAbundance",FALSE,0,0,3
"Acadia NP","Otter Point","2017","Green sea urchin","Strongylocentrotus droebachiensis","STRDRO","Green sea urchin (Strongylocentrotus droebachiensis)","Abundance",FALSE,0.92,0.32,3
"Acadia NP","Otter Point","2017","Green sea urchin","Strongylocentrotus droebachiensis","STRDRO","Green sea urchin (Strongylocentrotus droebachiensis)","logAbundance",FALSE,0.63,0.16,3
"Acadia NP","Otter Point","2018","Northern sea star","Asterias forbesii","ASTFOR","Northern sea star (Asterias forbesii)","Abundance",FALSE,0.02,0.02,3
"Acadia NP","Otter Point","2018","Northern sea star","Asterias forbesii","ASTFOR","Northern sea star (Asterias forbesii)","logAbundance",FALSE,0.02,0.02,3
"Acadia NP","Otter Point","2018","Common sea star","Asterias rubens","ASTRUB","Common sea star (Asterias rubens)","Abundance",FALSE,0.12,0.09,3
"Acadia NP","Otter Point","2018","Common sea star","Asterias rubens","ASTRUB","Common sea star (Asterias rubens)","logAbundance",FALSE,0.1,0.08,3
"Acadia NP","Otter Point","2018","Blood sea star","Henricia sanguinolenta","HENSAN","Blood sea star (Henricia sanguinolenta)","Abundance",FALSE,0,0,3
"Acadia NP","Otter Point","2018","Blood sea star","Henricia sanguinolenta","HENSAN","Blood sea star (Henricia sanguinolenta)","logAbundance",FALSE,0,0,3
"Acadia NP","Otter Point","2018","Green sea urchin","Strongylocentrotus droebachiensis","STRDRO","Green sea urchin (Strongylocentrotus droebachiensis)","Abundance",FALSE,0.62,0.32,3
"Acadia NP","Otter Point","2018","Green sea urchin","Strongylocentrotus droebachiensis","STRDRO","Green sea urchin (Strongylocentrotus droebachiensis)","logAbundance",FALSE,0.44,0.2,3
"Acadia NP","Otter Point","2019","Northern sea star","Asterias forbesii","ASTFOR","Northern sea star (Asterias forbesii)","Abundance",FALSE,0,0,3
"Acadia NP","Otter Point","2019","Northern sea star","Asterias forbesii","ASTFOR","Northern sea star (Asterias forbesii)","logAbundance",FALSE,0,0,3
"Acadia NP","Otter Point","2019","Common sea star","Asterias rubens","ASTRUB","Common sea star (Asterias rubens)","Abundance",FALSE,0.17,0.12,3
"Acadia NP","Otter Point","2019","Common sea star","Asterias rubens","ASTRUB","Common sea star (Asterias rubens)","logAbundance",FALSE,0.14,0.1,3
"Acadia NP","Otter Point","2019","Blood sea star","Henricia sanguinolenta","HENSAN","Blood sea star (Henricia sanguinolenta)","Abundance",FALSE,0,0,3
"Acadia NP","Otter Point","2019","Blood sea star","Henricia sanguinolenta","HENSAN","Blood sea star (Henricia sanguinolenta)","logAbundance",FALSE,0,0,3
"Acadia NP","Otter Point","2019","Green sea urchin","Strongylocentrotus droebachiensis","STRDRO","Green sea urchin (Strongylocentrotus droebachiensis)","Abundance",FALSE,1.1,0.78,3
"Acadia NP","Otter Point","2019","Green sea urchin","Strongylocentrotus droebachiensis","STRDRO","Green sea urchin (Strongylocentrotus droebachiensis)","logAbundance",FALSE,0.6,0.37,3
"Acadia NP","Schoodic Point","2013","Northern sea star","Asterias forbesii","ASTFOR","Northern sea star (Asterias forbesii)","Abundance",FALSE,0,0,3
"Acadia NP","Schoodic Point","2013","Northern sea star","Asterias forbesii","ASTFOR","Northern sea star (Asterias forbesii)","logAbundance",FALSE,0,0,3
"Acadia NP","Schoodic Point","2013","Common sea star","Asterias rubens","ASTRUB","Common sea star (Asterias rubens)","Abundance",FALSE,0.03,0.03,3
"Acadia NP","Schoodic Point","2013","Common sea star","Asterias rubens","ASTRUB","Common sea star (Asterias rubens)","logAbundance",FALSE,0.03,0.03,3
"Acadia NP","Schoodic Point","2013","Blood sea star","Henricia sanguinolenta","HENSAN","Blood sea star (Henricia sanguinolenta)","Abundance",FALSE,0,0,3
"Acadia NP","Schoodic Point","2013","Blood sea star","Henricia sanguinolenta","HENSAN","Blood sea star (Henricia sanguinolenta)","logAbundance",FALSE,0,0,3
"Acadia NP","Schoodic Point","2013","Green sea urchin","Strongylocentrotus droebachiensis","STRDRO","Green sea urchin (Strongylocentrotus droebachiensis)","Abundance",FALSE,0.82,0.42,3
"Acadia NP","Schoodic Point","2013","Green sea urchin","Strongylocentrotus droebachiensis","STRDRO","Green sea urchin (Strongylocentrotus droebachiensis)","logAbundance",FALSE,0.54,0.26,3
"Acadia NP","Schoodic Point","2014","Northern sea star","Asterias forbesii","ASTFOR","Northern sea star (Asterias forbesii)","Abundance",FALSE,0,0,3
"Acadia NP","Schoodic Point","2014","Northern sea star","Asterias forbesii","ASTFOR","Northern sea star (Asterias forbesii)","Abundance",TRUE,0,0,3
"Acadia NP","Schoodic Point","2014","Northern sea star","Asterias forbesii","ASTFOR","Northern sea star (Asterias forbesii)","logAbundance",FALSE,0,0,3
"Acadia NP","Schoodic Point","2014","Northern sea star","Asterias forbesii","ASTFOR","Northern sea star (Asterias forbesii)","logAbundance",TRUE,0,0,3
"Acadia NP","Schoodic Point","2014","Common sea star","Asterias rubens","ASTRUB","Common sea star (Asterias rubens)","Abundance",FALSE,0.15,0.1,3
"Acadia NP","Schoodic Point","2014","Common sea star","Asterias rubens","ASTRUB","Common sea star (Asterias rubens)","Abundance",TRUE,0.03,0.03,3
"Acadia NP","Schoodic Point","2014","Common sea star","Asterias rubens","ASTRUB","Common sea star (Asterias rubens)","logAbundance",FALSE,0.13,0.08,3
"Acadia NP","Schoodic Point","2014","Common sea star","Asterias rubens","ASTRUB","Common sea star (Asterias rubens)","logAbundance",TRUE,0.03,0.03,3
"Acadia NP","Schoodic Point","2014","Blood sea star","Henricia sanguinolenta","HENSAN","Blood sea star (Henricia sanguinolenta)","Abundance",FALSE,0,0,3
"Acadia NP","Schoodic Point","2014","Blood sea star","Henricia sanguinolenta","HENSAN","Blood sea star (Henricia sanguinolenta)","Abundance",TRUE,0,0,3
"Acadia NP","Schoodic Point","2014","Blood sea star","Henricia sanguinolenta","HENSAN","Blood sea star (Henricia sanguinolenta)","logAbundance",FALSE,0,0,3
"Acadia NP","Schoodic Point","2014","Blood sea star","Henricia sanguinolenta","HENSAN","Blood sea star (Henricia sanguinolenta)","logAbundance",TRUE,0,0,3
"Acadia NP","Schoodic Point","2014","Green sea urchin","Strongylocentrotus droebachiensis","STRDRO","Green sea urchin (Strongylocentrotus droebachiensis)","Abundance",FALSE,0.23,0.15,3
"Acadia NP","Schoodic Point","2014","Green sea urchin","Strongylocentrotus droebachiensis","STRDRO","Green sea urchin (Strongylocentrotus droebachiensis)","Abundance",TRUE,0.42,0.39,3
"Acadia NP","Schoodic Point","2014","Green sea urchin","Strongylocentrotus droebachiensis","STRDRO","Green sea urchin (Strongylocentrotus droebachiensis)","logAbundance",FALSE,0.2,0.12,3
"Acadia NP","Schoodic Point","2014","Green sea urchin","Strongylocentrotus droebachiensis","STRDRO","Green sea urchin (Strongylocentrotus droebachiensis)","logAbundance",TRUE,0.28,0.26,3
"Acadia NP","Schoodic Point","2015","Northern sea star","Asterias forbesii","ASTFOR","Northern sea star (Asterias forbesii)","Abundance",FALSE,0,0,3
"Acadia NP","Schoodic Point","2015","Northern sea star","Asterias forbesii","ASTFOR","Northern sea star (Asterias forbesii)","logAbundance",FALSE,0,0,3
"Acadia NP","Schoodic Point","2015","Common sea star","Asterias rubens","ASTRUB","Common sea star (Asterias rubens)","Abundance",FALSE,0.02,0.02,3
"Acadia NP","Schoodic Point","2015","Common sea star","Asterias rubens","ASTRUB","Common sea star (Asterias rubens)","logAbundance",FALSE,0.02,0.02,3
"Acadia NP","Schoodic Point","2015","Blood sea star","Henricia sanguinolenta","HENSAN","Blood sea star (Henricia sanguinolenta)","Abundance",FALSE,0,0,3
"Acadia NP","Schoodic Point","2015","Blood sea star","Henricia sanguinolenta","HENSAN","Blood sea star (Henricia sanguinolenta)","logAbundance",FALSE,0,0,3
"Acadia NP","Schoodic Point","2015","Green sea urchin","Strongylocentrotus droebachiensis","STRDRO","Green sea urchin (Strongylocentrotus droebachiensis)","Abundance",FALSE,0.03,0.02,3
"Acadia NP","Schoodic Point","2015","Green sea urchin","Strongylocentrotus droebachiensis","STRDRO","Green sea urchin (Strongylocentrotus droebachiensis)","logAbundance",FALSE,0.03,0.02,3
"Acadia NP","Schoodic Point","2016","Northern sea star","Asterias forbesii","ASTFOR","Northern sea star (Asterias forbesii)","Abundance",FALSE,0,0,3
"Acadia NP","Schoodic Point","2016","Northern sea star","Asterias forbesii","ASTFOR","Northern sea star (Asterias forbesii)","logAbundance",FALSE,0,0,3
"Acadia NP","Schoodic Point","2016","Common sea star","Asterias rubens","ASTRUB","Common sea star (Asterias rubens)","Abundance",FALSE,0.03,0.02,3
"Acadia NP","Schoodic Point","2016","Common sea star","Asterias rubens","ASTRUB","Common sea star (Asterias rubens)","logAbundance",FALSE,0.03,0.02,3
"Acadia NP","Schoodic Point","2016","Blood sea star","Henricia sanguinolenta","HENSAN","Blood sea star (Henricia sanguinolenta)","Abundance",FALSE,0,0,3
"Acadia NP","Schoodic Point","2016","Blood sea star","Henricia sanguinolenta","HENSAN","Blood sea star (Henricia sanguinolenta)","logAbundance",FALSE,0,0,3
"Acadia NP","Schoodic Point","2016","Green sea urchin","Strongylocentrotus droebachiensis","STRDRO","Green sea urchin (Strongylocentrotus droebachiensis)","Abundance",FALSE,0.55,0.38,3
"Acadia NP","Schoodic Point","2016","Green sea urchin","Strongylocentrotus droebachiensis","STRDRO","Green sea urchin (Strongylocentrotus droebachiensis)","logAbundance",FALSE,0.38,0.23,3
"Acadia NP","Schoodic Point","2017","Northern sea star","Asterias forbesii","ASTFOR","Northern sea star (Asterias forbesii)","Abundance",FALSE,0,0,3
"Acadia NP","Schoodic Point","2017","Northern sea star","Asterias forbesii","ASTFOR","Northern sea star (Asterias forbesii)","logAbundance",FALSE,0,0,3
"Acadia NP","Schoodic Point","2017","Common sea star","Asterias rubens","ASTRUB","Common sea star (Asterias rubens)","Abundance",FALSE,0.03,0.03,3
"Acadia NP","Schoodic Point","2017","Common sea star","Asterias rubens","ASTRUB","Common sea star (Asterias rubens)","logAbundance",FALSE,0.03,0.03,3
"Acadia NP","Schoodic Point","2017","Blood sea star","Henricia sanguinolenta","HENSAN","Blood sea star (Henricia sanguinolenta)","Abundance",FALSE,0,0,3
"Acadia NP","Schoodic Point","2017","Blood sea star","Henricia sanguinolenta","HENSAN","Blood sea star (Henricia sanguinolenta)","logAbundance",FALSE,0,0,3
"Acadia NP","Schoodic Point","2017","Green sea urchin","Strongylocentrotus droebachiensis","STRDRO","Green sea urchin (Strongylocentrotus droebachiensis)","Abundance",FALSE,0.02,0.02,3
"Acadia NP","Schoodic Point","2017","Green sea urchin","Strongylocentrotus droebachiensis","STRDRO","Green sea urchin (Strongylocentrotus droebachiensis)","logAbundance",FALSE,0.02,0.02,3
"Acadia NP","Schoodic Point","2018","Northern sea star","Asterias forbesii","ASTFOR","Northern sea star (Asterias forbesii)","Abundance",FALSE,0,0,3
"Acadia NP","Schoodic Point","2018","Northern sea star","Asterias forbesii","ASTFOR","Northern sea star (Asterias forbesii)","logAbundance",FALSE,0,0,3
"Acadia NP","Schoodic Point","2018","Common sea star","Asterias rubens","ASTRUB","Common sea star (Asterias rubens)","Abundance",FALSE,0,0,3
"Acadia NP","Schoodic Point","2018","Common sea star","Asterias rubens","ASTRUB","Common sea star (Asterias rubens)","logAbundance",FALSE,0,0,3
"Acadia NP","Schoodic Point","2018","Blood sea star","Henricia sanguinolenta","HENSAN","Blood sea star (Henricia sanguinolenta)","Abundance",FALSE,0,0,3
"Acadia NP","Schoodic Point","2018","Blood sea star","Henricia sanguinolenta","HENSAN","Blood sea star (Henricia sanguinolenta)","logAbundance",FALSE,0,0,3
"Acadia NP","Schoodic Point","2018","Green sea urchin","Strongylocentrotus droebachiensis","STRDRO","Green sea urchin (Strongylocentrotus droebachiensis)","Abundance",FALSE,0.02,0.02,3
"Acadia NP","Schoodic Point","2018","Green sea urchin","Strongylocentrotus droebachiensis","STRDRO","Green sea urchin (Strongylocentrotus droebachiensis)","logAbundance",FALSE,0.02,0.02,3
"Acadia NP","Schoodic Point","2019","Northern sea star","Asterias forbesii","ASTFOR","Northern sea star (Asterias forbesii)","Abundance",FALSE,0,0,3
"Acadia NP","Schoodic Point","2019","Northern sea star","Asterias forbesii","ASTFOR","Northern sea star (Asterias forbesii)","logAbundance",FALSE,0,0,3
"Acadia NP","Schoodic Point","2019","Common sea star","Asterias rubens","ASTRUB","Common sea star (Asterias rubens)","Abundance",FALSE,0,0,3
"Acadia NP","Schoodic Point","2019","Common sea star","Asterias rubens","ASTRUB","Common sea star (Asterias rubens)","logAbundance",FALSE,0,0,3
"Acadia NP","Schoodic Point","2019","Blood sea star","Henricia sanguinolenta","HENSAN","Blood sea star (Henricia sanguinolenta)","Abundance",FALSE,0,0,3
"Acadia NP","Schoodic Point","2019","Blood sea star","Henricia sanguinolenta","HENSAN","Blood sea star (Henricia sanguinolenta)","logAbundance",FALSE,0,0,3
"Acadia NP","Schoodic Point","2019","Green sea urchin","Strongylocentrotus droebachiensis","STRDRO","Green sea urchin (Strongylocentrotus droebachiensis)","Abundance",FALSE,0.03,0.03,3
"Acadia NP","Schoodic Point","2019","Green sea urchin","Strongylocentrotus droebachiensis","STRDRO","Green sea urchin (Strongylocentrotus droebachiensis)","logAbundance",FALSE,0.03,0.03,3
"Acadia NP","Ship Harbor","2013","Northern sea star","Asterias forbesii","ASTFOR","Northern sea star (Asterias forbesii)","Abundance",FALSE,0,0,3
"Acadia NP","Ship Harbor","2013","Northern sea star","Asterias forbesii","ASTFOR","Northern sea star (Asterias forbesii)","logAbundance",FALSE,0,0,3
"Acadia NP","Ship Harbor","2013","Common sea star","Asterias rubens","ASTRUB","Common sea star (Asterias rubens)","Abundance",FALSE,0,0,3
"Acadia NP","Ship Harbor","2013","Common sea star","Asterias rubens","ASTRUB","Common sea star (Asterias rubens)","logAbundance",FALSE,0,0,3
"Acadia NP","Ship Harbor","2013","Blood sea star","Henricia sanguinolenta","HENSAN","Blood sea star (Henricia sanguinolenta)","Abundance",FALSE,0,0,3
"Acadia NP","Ship Harbor","2013","Blood sea star","Henricia sanguinolenta","HENSAN","Blood sea star (Henricia sanguinolenta)","logAbundance",FALSE,0,0,3
"Acadia NP","Ship Harbor","2013","Green sea urchin","Strongylocentrotus droebachiensis","STRDRO","Green sea urchin (Strongylocentrotus droebachiensis)","Abundance",FALSE,0.22,0.22,3
"Acadia NP","Ship Harbor","2013","Green sea urchin","Strongylocentrotus droebachiensis","STRDRO","Green sea urchin (Strongylocentrotus droebachiensis)","logAbundance",FALSE,0.17,0.17,3
"Acadia NP","Ship Harbor","2014","Northern sea star","Asterias forbesii","ASTFOR","Northern sea star (Asterias forbesii)","Abundance",FALSE,0,0,3
"Acadia NP","Ship Harbor","2014","Northern sea star","Asterias forbesii","ASTFOR","Northern sea star (Asterias forbesii)","logAbundance",FALSE,0,0,3
"Acadia NP","Ship Harbor","2014","Common sea star","Asterias rubens","ASTRUB","Common sea star (Asterias rubens)","Abundance",FALSE,0.08,0.08,3
"Acadia NP","Ship Harbor","2014","Common sea star","Asterias rubens","ASTRUB","Common sea star (Asterias rubens)","logAbundance",FALSE,0.07,0.07,3
"Acadia NP","Ship Harbor","2014","Blood sea star","Henricia sanguinolenta","HENSAN","Blood sea star (Henricia sanguinolenta)","Abundance",FALSE,0,0,3
"Acadia NP","Ship Harbor","2014","Blood sea star","Henricia sanguinolenta","HENSAN","Blood sea star (Henricia sanguinolenta)","logAbundance",FALSE,0,0,3
"Acadia NP","Ship Harbor","2014","Green sea urchin","Strongylocentrotus droebachiensis","STRDRO","Green sea urchin (Strongylocentrotus droebachiensis)","Abundance",FALSE,0.72,0.57,3
"Acadia NP","Ship Harbor","2014","Green sea urchin","Strongylocentrotus droebachiensis","STRDRO","Green sea urchin (Strongylocentrotus droebachiensis)","logAbundance",FALSE,0.44,0.31,3
"Acadia NP","Ship Harbor","2015","Northern sea star","Asterias forbesii","ASTFOR","Northern sea star (Asterias forbesii)","Abundance",FALSE,0.03,0.03,3
"Acadia NP","Ship Harbor","2015","Northern sea star","Asterias forbesii","ASTFOR","Northern sea star (Asterias forbesii)","logAbundance",FALSE,0.03,0.03,3
"Acadia NP","Ship Harbor","2015","Common sea star","Asterias rubens","ASTRUB","Common sea star (Asterias rubens)","Abundance",FALSE,0.13,0.13,3
"Acadia NP","Ship Harbor","2015","Common sea star","Asterias rubens","ASTRUB","Common sea star (Asterias rubens)","logAbundance",FALSE,0.11,0.11,3
"Acadia NP","Ship Harbor","2015","Blood sea star","Henricia sanguinolenta","HENSAN","Blood sea star (Henricia sanguinolenta)","Abundance",FALSE,0,0,3
"Acadia NP","Ship Harbor","2015","Blood sea star","Henricia sanguinolenta","HENSAN","Blood sea star (Henricia sanguinolenta)","logAbundance",FALSE,0,0,3
"Acadia NP","Ship Harbor","2015","Green sea urchin","Strongylocentrotus droebachiensis","STRDRO","Green sea urchin (Strongylocentrotus droebachiensis)","Abundance",FALSE,0.18,0.18,3
"Acadia NP","Ship Harbor","2015","Green sea urchin","Strongylocentrotus droebachiensis","STRDRO","Green sea urchin (Strongylocentrotus droebachiensis)","logAbundance",FALSE,0.15,0.15,3
"Acadia NP","Ship Harbor","2016","Northern sea star","Asterias forbesii","ASTFOR","Northern sea star (Asterias forbesii)","Abundance",FALSE,0,0,3
"Acadia NP","Ship Harbor","2016","Northern sea star","Asterias forbesii","ASTFOR","Northern sea star (Asterias forbesii)","logAbundance",FALSE,0,0,3
"Acadia NP","Ship Harbor","2016","Common sea star","Asterias rubens","ASTRUB","Common sea star (Asterias rubens)","Abundance",FALSE,0.43,0.18,3
"Acadia NP","Ship Harbor","2016","Common sea star","Asterias rubens","ASTRUB","Common sea star (Asterias rubens)","logAbundance",FALSE,0.34,0.13,3
"Acadia NP","Ship Harbor","2016","Blood sea star","Henricia sanguinolenta","HENSAN","Blood sea star (Henricia sanguinolenta)","Abundance",FALSE,0.02,0.02,3
"Acadia NP","Ship Harbor","2016","Blood sea star","Henricia sanguinolenta","HENSAN","Blood sea star (Henricia sanguinolenta)","logAbundance",FALSE,0.02,0.02,3
"Acadia NP","Ship Harbor","2016","Green sea urchin","Strongylocentrotus droebachiensis","STRDRO","Green sea urchin (Strongylocentrotus droebachiensis)","Abundance",FALSE,0.22,0.14,3
"Acadia NP","Ship Harbor","2016","Green sea urchin","Strongylocentrotus droebachiensis","STRDRO","Green sea urchin (Strongylocentrotus droebachiensis)","logAbundance",FALSE,0.18,0.11,3
"Acadia NP","Ship Harbor","2017","Northern sea star","Asterias forbesii","ASTFOR","Northern sea star (Asterias forbesii)","Abundance",FALSE,0.07,0.07,3
"Acadia NP","Ship Harbor","2017","Northern sea star","Asterias forbesii","ASTFOR","Northern sea star (Asterias forbesii)","logAbundance",FALSE,0.06,0.06,3
"Acadia NP","Ship Harbor","2017","Common sea star","Asterias rubens","ASTRUB","Common sea star (Asterias rubens)","Abundance",FALSE,0,0,3
"Acadia NP","Ship Harbor","2017","Common sea star","Asterias rubens","ASTRUB","Common sea star (Asterias rubens)","logAbundance",FALSE,0,0,3
"Acadia NP","Ship Harbor","2017","Blood sea star","Henricia sanguinolenta","HENSAN","Blood sea star (Henricia sanguinolenta)","Abundance",FALSE,0.02,0.02,3
"Acadia NP","Ship Harbor","2017","Blood sea star","Henricia sanguinolenta","HENSAN","Blood sea star (Henricia sanguinolenta)","logAbundance",FALSE,0.02,0.02,3
"Acadia NP","Ship Harbor","2017","Green sea urchin","Strongylocentrotus droebachiensis","STRDRO","Green sea urchin (Strongylocentrotus droebachiensis)","Abundance",FALSE,0.12,0.12,3
"Acadia NP","Ship Harbor","2017","Green sea urchin","Strongylocentrotus droebachiensis","STRDRO","Green sea urchin (Strongylocentrotus droebachiensis)","logAbundance",FALSE,0.1,0.1,3
"Acadia NP","Ship Harbor","2018","Northern sea star","Asterias forbesii","ASTFOR","Northern sea star (Asterias forbesii)","Abundance",FALSE,0.02,0.02,3
"Acadia NP","Ship Harbor","2018","Northern sea star","Asterias forbesii","ASTFOR","Northern sea star (Asterias forbesii)","Abundance",TRUE,0,0,2
"Acadia NP","Ship Harbor","2018","Northern sea star","Asterias forbesii","ASTFOR","Northern sea star (Asterias forbesii)","logAbundance",FALSE,0.02,0.02,3
"Acadia NP","Ship Harbor","2018","Northern sea star","Asterias forbesii","ASTFOR","Northern sea star (Asterias forbesii)","logAbundance",TRUE,0,0,2
"Acadia NP","Ship Harbor","2018","Common sea star","Asterias rubens","ASTRUB","Common sea star (Asterias rubens)","Abundance",FALSE,0,0,3
"Acadia NP","Ship Harbor","2018","Common sea star","Asterias rubens","ASTRUB","Common sea star (Asterias rubens)","Abundance",TRUE,0,0,2
"Acadia NP","Ship Harbor","2018","Common sea star","Asterias rubens","ASTRUB","Common sea star (Asterias rubens)","logAbundance",FALSE,0,0,3
"Acadia NP","Ship Harbor","2018","Common sea star","Asterias rubens","ASTRUB","Common sea star (Asterias rubens)","logAbundance",TRUE,0,0,2
"Acadia NP","Ship Harbor","2018","Blood sea star","Henricia sanguinolenta","HENSAN","Blood sea star (Henricia sanguinolenta)","Abundance",FALSE,0,0,3
"Acadia NP","Ship Harbor","2018","Blood sea star","Henricia sanguinolenta","HENSAN","Blood sea star (Henricia sanguinolenta)","Abundance",TRUE,0,0,2
"Acadia NP","Ship Harbor","2018","Blood sea star","Henricia sanguinolenta","HENSAN","Blood sea star (Henricia sanguinolenta)","logAbundance",FALSE,0,0,3
"Acadia NP","Ship Harbor","2018","Blood sea star","Henricia sanguinolenta","HENSAN","Blood sea star (Henricia sanguinolenta)","logAbundance",TRUE,0,0,2
"Acadia NP","Ship Harbor","2018","Green sea urchin","Strongylocentrotus droebachiensis","STRDRO","Green sea urchin (Strongylocentrotus droebachiensis)","Abundance",FALSE,0.05,0.05,3
"Acadia NP","Ship Harbor","2018","Green sea urchin","Strongylocentrotus droebachiensis","STRDRO","Green sea urchin (Strongylocentrotus droebachiensis)","Abundance",TRUE,0,0,2
"Acadia NP","Ship Harbor","2018","Green sea urchin","Strongylocentrotus droebachiensis","STRDRO","Green sea urchin (Strongylocentrotus droebachiensis)","logAbundance",FALSE,0.05,0.05,3
"Acadia NP","Ship Harbor","2018","Green sea urchin","Strongylocentrotus droebachiensis","STRDRO","Green sea urchin (Strongylocentrotus droebachiensis)","logAbundance",TRUE,0,0,2
"Acadia NP","Ship Harbor","2019","Northern sea star","Asterias forbesii","ASTFOR","Northern sea star (Asterias forbesii)","Abundance",FALSE,0,0,3
"Acadia NP","Ship Harbor","2019","Northern sea star","Asterias forbesii","ASTFOR","Northern sea star (Asterias forbesii)","logAbundance",FALSE,0,0,3
"Acadia NP","Ship Harbor","2019","Common sea star","Asterias rubens","ASTRUB","Common sea star (Asterias rubens)","Abundance",FALSE,0.02,0.02,3
"Acadia NP","Ship Harbor","2019","Common sea star","Asterias rubens","ASTRUB","Common sea star (Asterias rubens)","logAbundance",FALSE,0.02,0.02,3
"Acadia NP","Ship Harbor","2019","Blood sea star","Henricia sanguinolenta","HENSAN","Blood sea star (Henricia sanguinolenta)","Abundance",FALSE,0,0,3
"Acadia NP","Ship Harbor","2019","Blood sea star","Henricia sanguinolenta","HENSAN","Blood sea star (Henricia sanguinolenta)","logAbundance",FALSE,0,0,3
"Acadia NP","Ship Harbor","2019","Green sea urchin","Strongylocentrotus droebachiensis","STRDRO","Green sea urchin (Strongylocentrotus droebachiensis)","Abundance",FALSE,0.02,0.02,3
"Acadia NP","Ship Harbor","2019","Green sea urchin","Strongylocentrotus droebachiensis","STRDRO","Green sea urchin (Strongylocentrotus droebachiensis)","logAbundance",FALSE,0.02,0.02,3
"Boston Harbor NRA","Calf Island","2013","Northern sea star","Asterias forbesii","ASTFOR","Northern sea star (Asterias forbesii)","Abundance",FALSE,0,0,3
"Boston Harbor NRA","Calf Island","2013","Northern sea star","Asterias forbesii","ASTFOR","Northern sea star (Asterias forbesii)","logAbundance",FALSE,0,0,3
"Boston Harbor NRA","Calf Island","2013","Common sea star","Asterias rubens","ASTRUB","Common sea star (Asterias rubens)","Abundance",FALSE,0.05,0.03,3
"Boston Harbor NRA","Calf Island","2013","Common sea star","Asterias rubens","ASTRUB","Common sea star (Asterias rubens)","logAbundance",FALSE,0.05,0.03,3
"Boston Harbor NRA","Calf Island","2013","Blood sea star","Henricia sanguinolenta","HENSAN","Blood sea star (Henricia sanguinolenta)","Abundance",FALSE,0,0,3
"Boston Harbor NRA","Calf Island","2013","Blood sea star","Henricia sanguinolenta","HENSAN","Blood sea star (Henricia sanguinolenta)","logAbundance",FALSE,0,0,3
"Boston Harbor NRA","Calf Island","2013","Green sea urchin","Strongylocentrotus droebachiensis","STRDRO","Green sea urchin (Strongylocentrotus droebachiensis)","Abundance",FALSE,0,0,3
"Boston Harbor NRA","Calf Island","2013","Green sea urchin","Strongylocentrotus droebachiensis","STRDRO","Green sea urchin (Strongylocentrotus droebachiensis)","logAbundance",FALSE,0,0,3
"Boston Harbor NRA","Calf Island","2014","Northern sea star","Asterias forbesii","ASTFOR","Northern sea star (Asterias forbesii)","Abundance",FALSE,0.02,0.02,3
"Boston Harbor NRA","Calf Island","2014","Northern sea star","Asterias forbesii","ASTFOR","Northern sea star (Asterias forbesii)","logAbundance",FALSE,0.02,0.02,3
"Boston Harbor NRA","Calf Island","2014","Common sea star","Asterias rubens","ASTRUB","Common sea star (Asterias rubens)","Abundance",FALSE,0,0,3
"Boston Harbor NRA","Calf Island","2014","Common sea star","Asterias rubens","ASTRUB","Common sea star (Asterias rubens)","logAbundance",FALSE,0,0,3
"Boston Harbor NRA","Calf Island","2014","Blood sea star","Henricia sanguinolenta","HENSAN","Blood sea star (Henricia sanguinolenta)","Abundance",FALSE,0,0,3
"Boston Harbor NRA","Calf Island","2014","Blood sea star","Henricia sanguinolenta","HENSAN","Blood sea star (Henricia sanguinolenta)","logAbundance",FALSE,0,0,3
"Boston Harbor NRA","Calf Island","2014","Green sea urchin","Strongylocentrotus droebachiensis","STRDRO","Green sea urchin (Strongylocentrotus droebachiensis)","Abundance",FALSE,0,0,3
"Boston Harbor NRA","Calf Island","2014","Green sea urchin","Strongylocentrotus droebachiensis","STRDRO","Green sea urchin (Strongylocentrotus droebachiensis)","logAbundance",FALSE,0,0,3
"Boston Harbor NRA","Calf Island","2015","Northern sea star","Asterias forbesii","ASTFOR","Northern sea star (Asterias forbesii)","Abundance",FALSE,0,0,3
"Boston Harbor NRA","Calf Island","2015","Northern sea star","Asterias forbesii","ASTFOR","Northern sea star (Asterias forbesii)","logAbundance",FALSE,0,0,3
"Boston Harbor NRA","Calf Island","2015","Common sea star","Asterias rubens","ASTRUB","Common sea star (Asterias rubens)","Abundance",FALSE,0,0,3
"Boston Harbor NRA","Calf Island","2015","Common sea star","Asterias rubens","ASTRUB","Common sea star (Asterias rubens)","logAbundance",FALSE,0,0,3
"Boston Harbor NRA","Calf Island","2015","Blood sea star","Henricia sanguinolenta","HENSAN","Blood sea star (Henricia sanguinolenta)","Abundance",FALSE,0,0,3
"Boston Harbor NRA","Calf Island","2015","Blood sea star","Henricia sanguinolenta","HENSAN","Blood sea star (Henricia sanguinolenta)","logAbundance",FALSE,0,0,3
"Boston Harbor NRA","Calf Island","2015","Green sea urchin","Strongylocentrotus droebachiensis","STRDRO","Green sea urchin (Strongylocentrotus droebachiensis)","Abundance",FALSE,0,0,3
"Boston Harbor NRA","Calf Island","2015","Green sea urchin","Strongylocentrotus droebachiensis","STRDRO","Green sea urchin (Strongylocentrotus droebachiensis)","logAbundance",FALSE,0,0,3
"Boston Harbor NRA","Calf Island","2016","Northern sea star","Asterias forbesii","ASTFOR","Northern sea star (Asterias forbesii)","Abundance",FALSE,0,0,3
"Boston Harbor NRA","Calf Island","2016","Northern sea star","Asterias forbesii","ASTFOR","Northern sea star (Asterias forbesii)","logAbundance",FALSE,0,0,3
"Boston Harbor NRA","Calf Island","2016","Common sea star","Asterias rubens","ASTRUB","Common sea star (Asterias rubens)","Abundance",FALSE,0.02,0.02,3
"Boston Harbor NRA","Calf Island","2016","Common sea star","Asterias rubens","ASTRUB","Common sea star (Asterias rubens)","logAbundance",FALSE,0.02,0.02,3
"Boston Harbor NRA","Calf Island","2016","Blood sea star","Henricia sanguinolenta","HENSAN","Blood sea star (Henricia sanguinolenta)","Abundance",FALSE,0,0,3
"Boston Harbor NRA","Calf Island","2016","Blood sea star","Henricia sanguinolenta","HENSAN","Blood sea star (Henricia sanguinolenta)","logAbundance",FALSE,0,0,3
"Boston Harbor NRA","Calf Island","2016","Green sea urchin","Strongylocentrotus droebachiensis","STRDRO","Green sea urchin (Strongylocentrotus droebachiensis)","Abundance",FALSE,0.08,0.06,3
"Boston Harbor NRA","Calf Island","2016","Green sea urchin","Strongylocentrotus droebachiensis","STRDRO","Green sea urchin (Strongylocentrotus droebachiensis)","logAbundance",FALSE,0.08,0.05,3
"Boston Harbor NRA","Calf Island","2017","Northern sea star","Asterias forbesii","ASTFOR","Northern sea star (Asterias forbesii)","Abundance",FALSE,0,0,3
"Boston Harbor NRA","Calf Island","2017","Northern sea star","Asterias forbesii","ASTFOR","Northern sea star (Asterias forbesii)","logAbundance",FALSE,0,0,3
"Boston Harbor NRA","Calf Island","2017","Common sea star","Asterias rubens","ASTRUB","Common sea star (Asterias rubens)","Abundance",FALSE,0,0,3
"Boston Harbor NRA","Calf Island","2017","Common sea star","Asterias rubens","ASTRUB","Common sea star (Asterias rubens)","logAbundance",FALSE,0,0,3
"Boston Harbor NRA","Calf Island","2017","Blood sea star","Henricia sanguinolenta","HENSAN","Blood sea star (Henricia sanguinolenta)","Abundance",FALSE,0,0,3
"Boston Harbor NRA","Calf Island","2017","Blood sea star","Henricia sanguinolenta","HENSAN","Blood sea star (Henricia sanguinolenta)","logAbundance",FALSE,0,0,3
"Boston Harbor NRA","Calf Island","2017","Green sea urchin","Strongylocentrotus droebachiensis","STRDRO","Green sea urchin (Strongylocentrotus droebachiensis)","Abundance",FALSE,0,0,3
"Boston Harbor NRA","Calf Island","2017","Green sea urchin","Strongylocentrotus droebachiensis","STRDRO","Green sea urchin (Strongylocentrotus droebachiensis)","logAbundance",FALSE,0,0,3
"Boston Harbor NRA","Calf Island","2018","Northern sea star","Asterias forbesii","ASTFOR","Northern sea star (Asterias forbesii)","Abundance",FALSE,0,0,3
"Boston Harbor NRA","Calf Island","2018","Northern sea star","Asterias forbesii","ASTFOR","Northern sea star (Asterias forbesii)","logAbundance",FALSE,0,0,3
"Boston Harbor NRA","Calf Island","2018","Common sea star","Asterias rubens","ASTRUB","Common sea star (Asterias rubens)","Abundance",FALSE,0,0,3
"Boston Harbor NRA","Calf Island","2018","Common sea star","Asterias rubens","ASTRUB","Common sea star (Asterias rubens)","logAbundance",FALSE,0,0,3
"Boston Harbor NRA","Calf Island","2018","Blood sea star","Henricia sanguinolenta","HENSAN","Blood sea star (Henricia sanguinolenta)","Abundance",FALSE,0,0,3
"Boston Harbor NRA","Calf Island","2018","Blood sea star","Henricia sanguinolenta","HENSAN","Blood sea star (Henricia sanguinolenta)","logAbundance",FALSE,0,0,3
"Boston Harbor NRA","Calf Island","2018","Green sea urchin","Strongylocentrotus droebachiensis","STRDRO","Green sea urchin (Strongylocentrotus droebachiensis)","Abundance",FALSE,0,0,3
"Boston Harbor NRA","Calf Island","2018","Green sea urchin","Strongylocentrotus droebachiensis","STRDRO","Green sea urchin (Strongylocentrotus droebachiensis)","logAbundance",FALSE,0,0,3
"Boston Harbor NRA","Calf Island","2019","Northern sea star","Asterias forbesii","ASTFOR","Northern sea star (Asterias forbesii)","Abundance",FALSE,0,0,3
"Boston Harbor NRA","Calf Island","2019","Northern sea star","Asterias forbesii","ASTFOR","Northern sea star (Asterias forbesii)","logAbundance",FALSE,0,0,3
"Boston Harbor NRA","Calf Island","2019","Common sea star","Asterias rubens","ASTRUB","Common sea star (Asterias rubens)","Abundance",FALSE,0,0,3
"Boston Harbor NRA","Calf Island","2019","Common sea star","Asterias rubens","ASTRUB","Common sea star (Asterias rubens)","logAbundance",FALSE,0,0,3
"Boston Harbor NRA","Calf Island","2019","Blood sea star","Henricia sanguinolenta","HENSAN","Blood sea star (Henricia sanguinolenta)","Abundance",FALSE,0,0,3
"Boston Harbor NRA","Calf Island","2019","Blood sea star","Henricia sanguinolenta","HENSAN","Blood sea star (Henricia sanguinolenta)","logAbundance",FALSE,0,0,3
"Boston Harbor NRA","Calf Island","2019","Green sea urchin","Strongylocentrotus droebachiensis","STRDRO","Green sea urchin (Strongylocentrotus droebachiensis)","Abundance",FALSE,0.02,0.02,3
"Boston Harbor NRA","Calf Island","2019","Green sea urchin","Strongylocentrotus droebachiensis","STRDRO","Green sea urchin (Strongylocentrotus droebachiensis)","logAbundance",FALSE,0.02,0.02,3
"Boston Harbor NRA","Green Island","2013","Northern sea star","Asterias forbesii","ASTFOR","Northern sea star (Asterias forbesii)","Abundance",FALSE,0.02,0.02,3
"Boston Harbor NRA","Green Island","2013","Northern sea star","Asterias forbesii","ASTFOR","Northern sea star (Asterias forbesii)","logAbundance",FALSE,0.02,0.02,3
"Boston Harbor NRA","Green Island","2013","Common sea star","Asterias rubens","ASTRUB","Common sea star (Asterias rubens)","Abundance",FALSE,1.05,0.7,3
"Boston Harbor NRA","Green Island","2013","Common sea star","Asterias rubens","ASTRUB","Common sea star (Asterias rubens)","logAbundance",FALSE,0.6,0.34,3
"Boston Harbor NRA","Green Island","2013","Blood sea star","Henricia sanguinolenta","HENSAN","Blood sea star (Henricia sanguinolenta)","Abundance",FALSE,0,0,3
"Boston Harbor NRA","Green Island","2013","Blood sea star","Henricia sanguinolenta","HENSAN","Blood sea star (Henricia sanguinolenta)","logAbundance",FALSE,0,0,3
"Boston Harbor NRA","Green Island","2013","Green sea urchin","Strongylocentrotus droebachiensis","STRDRO","Green sea urchin (Strongylocentrotus droebachiensis)","Abundance",FALSE,0,0,3
"Boston Harbor NRA","Green Island","2013","Green sea urchin","Strongylocentrotus droebachiensis","STRDRO","Green sea urchin (Strongylocentrotus droebachiensis)","logAbundance",FALSE,0,0,3
"Boston Harbor NRA","Green Island","2014","Northern sea star","Asterias forbesii","ASTFOR","Northern sea star (Asterias forbesii)","Abundance",FALSE,0,0,2
"Boston Harbor NRA","Green Island","2014","Northern sea star","Asterias forbesii","ASTFOR","Northern sea star (Asterias forbesii)","logAbundance",FALSE,0,0,2
"Boston Harbor NRA","Green Island","2014","Common sea star","Asterias rubens","ASTRUB","Common sea star (Asterias rubens)","Abundance",FALSE,2.33,2.33,2
"Boston Harbor NRA","Green Island","2014","Common sea star","Asterias rubens","ASTRUB","Common sea star (Asterias rubens)","logAbundance",FALSE,0.87,0.87,2
"Boston Harbor NRA","Green Island","2014","Blood sea star","Henricia sanguinolenta","HENSAN","Blood sea star (Henricia sanguinolenta)","Abundance",FALSE,0,0,2
"Boston Harbor NRA","Green Island","2014","Blood sea star","Henricia sanguinolenta","HENSAN","Blood sea star (Henricia sanguinolenta)","logAbundance",FALSE,0,0,2
"Boston Harbor NRA","Green Island","2014","Green sea urchin","Strongylocentrotus droebachiensis","STRDRO","Green sea urchin (Strongylocentrotus droebachiensis)","Abundance",FALSE,0,0,2
"Boston Harbor NRA","Green Island","2014","Green sea urchin","Strongylocentrotus droebachiensis","STRDRO","Green sea urchin (Strongylocentrotus droebachiensis)","logAbundance",FALSE,0,0,2
"Boston Harbor NRA","Green Island","2015","Northern sea star","Asterias forbesii","ASTFOR","Northern sea star (Asterias forbesii)","Abundance",FALSE,0,0,3
"Boston Harbor NRA","Green Island","2015","Northern sea star","Asterias forbesii","ASTFOR","Northern sea star (Asterias forbesii)","Abundance",TRUE,0,0,3
"Boston Harbor NRA","Green Island","2015","Northern sea star","Asterias forbesii","ASTFOR","Northern sea star (Asterias forbesii)","logAbundance",FALSE,0,0,3
"Boston Harbor NRA","Green Island","2015","Northern sea star","Asterias forbesii","ASTFOR","Northern sea star (Asterias forbesii)","logAbundance",TRUE,0,0,3
"Boston Harbor NRA","Green Island","2015","Common sea star","Asterias rubens","ASTRUB","Common sea star (Asterias rubens)","Abundance",FALSE,0,0,3
"Boston Harbor NRA","Green Island","2015","Common sea star","Asterias rubens","ASTRUB","Common sea star (Asterias rubens)","Abundance",TRUE,0,0,3
"Boston Harbor NRA","Green Island","2015","Common sea star","Asterias rubens","ASTRUB","Common sea star (Asterias rubens)","logAbundance",FALSE,0,0,3
"Boston Harbor NRA","Green Island","2015","Common sea star","Asterias rubens","ASTRUB","Common sea star (Asterias rubens)","logAbundance",TRUE,0,0,3
"Boston Harbor NRA","Green Island","2015","Blood sea star","Henricia sanguinolenta","HENSAN","Blood sea star (Henricia sanguinolenta)","Abundance",FALSE,0,0,3
"Boston Harbor NRA","Green Island","2015","Blood sea star","Henricia sanguinolenta","HENSAN","Blood sea star (Henricia sanguinolenta)","Abundance",TRUE,0.02,0.02,3
"Boston Harbor NRA","Green Island","2015","Blood sea star","Henricia sanguinolenta","HENSAN","Blood sea star (Henricia sanguinolenta)","logAbundance",FALSE,0,0,3
"Boston Harbor NRA","Green Island","2015","Blood sea star","Henricia sanguinolenta","HENSAN","Blood sea star (Henricia sanguinolenta)","logAbundance",TRUE,0.02,0.02,3
"Boston Harbor NRA","Green Island","2015","Green sea urchin","Strongylocentrotus droebachiensis","STRDRO","Green sea urchin (Strongylocentrotus droebachiensis)","Abundance",FALSE,0,0,3
"Boston Harbor NRA","Green Island","2015","Green sea urchin","Strongylocentrotus droebachiensis","STRDRO","Green sea urchin (Strongylocentrotus droebachiensis)","Abundance",TRUE,0,0,3
"Boston Harbor NRA","Green Island","2015","Green sea urchin","Strongylocentrotus droebachiensis","STRDRO","Green sea urchin (Strongylocentrotus droebachiensis)","logAbundance",FALSE,0,0,3
"Boston Harbor NRA","Green Island","2015","Green sea urchin","Strongylocentrotus droebachiensis","STRDRO","Green sea urchin (Strongylocentrotus droebachiensis)","logAbundance",TRUE,0,0,3
"Boston Harbor NRA","Green Island","2016","Northern sea star","Asterias forbesii","ASTFOR","Northern sea star (Asterias forbesii)","Abundance",FALSE,0,0,3
"Boston Harbor NRA","Green Island","2016","Northern sea star","Asterias forbesii","ASTFOR","Northern sea star (Asterias forbesii)","logAbundance",FALSE,0,0,3
"Boston Harbor NRA","Green Island","2016","Common sea star","Asterias rubens","ASTRUB","Common sea star (Asterias rubens)","Abundance",FALSE,0.12,0.12,3
"Boston Harbor NRA","Green Island","2016","Common sea star","Asterias rubens","ASTRUB","Common sea star (Asterias rubens)","logAbundance",FALSE,0.1,0.1,3
"Boston Harbor NRA","Green Island","2016","Blood sea star","Henricia sanguinolenta","HENSAN","Blood sea star (Henricia sanguinolenta)","Abundance",FALSE,0,0,3
"Boston Harbor NRA","Green Island","2016","Blood sea star","Henricia sanguinolenta","HENSAN","Blood sea star (Henricia sanguinolenta)","logAbundance",FALSE,0,0,3
"Boston Harbor NRA","Green Island","2016","Green sea urchin","Strongylocentrotus droebachiensis","STRDRO","Green sea urchin (Strongylocentrotus droebachiensis)","Abundance",FALSE,0.08,0.08,3
"Boston Harbor NRA","Green Island","2016","Green sea urchin","Strongylocentrotus droebachiensis","STRDRO","Green sea urchin (Strongylocentrotus droebachiensis)","logAbundance",FALSE,0.07,0.07,3
"Boston Harbor NRA","Green Island","2017","Northern sea star","Asterias forbesii","ASTFOR","Northern sea star (Asterias forbesii)","Abundance",FALSE,0.02,0.02,3
"Boston Harbor NRA","Green Island","2017","Northern sea star","Asterias forbesii","ASTFOR","Northern sea star (Asterias forbesii)","logAbundance",FALSE,0.02,0.02,3
"Boston Harbor NRA","Green Island","2017","Common sea star","Asterias rubens","ASTRUB","Common sea star (Asterias rubens)","Abundance",FALSE,0,0,3
"Boston Harbor NRA","Green Island","2017","Common sea star","Asterias rubens","ASTRUB","Common sea star (Asterias rubens)","logAbundance",FALSE,0,0,3
"Boston Harbor NRA","Green Island","2017","Blood sea star","Henricia sanguinolenta","HENSAN","Blood sea star (Henricia sanguinolenta)","Abundance",FALSE,0.02,0.02,3
"Boston Harbor NRA","Green Island","2017","Blood sea star","Henricia sanguinolenta","HENSAN","Blood sea star (Henricia sanguinolenta)","logAbundance",FALSE,0.02,0.02,3
"Boston Harbor NRA","Green Island","2017","Green sea urchin","Strongylocentrotus droebachiensis","STRDRO","Green sea urchin (Strongylocentrotus droebachiensis)","Abundance",FALSE,0,0,3
"Boston Harbor NRA","Green Island","2017","Green sea urchin","Strongylocentrotus droebachiensis","STRDRO","Green sea urchin (Strongylocentrotus droebachiensis)","logAbundance",FALSE,0,0,3
"Boston Harbor NRA","Green Island","2018","Northern sea star","Asterias forbesii","ASTFOR","Northern sea star (Asterias forbesii)","Abundance",FALSE,0,0,3
"Boston Harbor NRA","Green Island","2018","Northern sea star","Asterias forbesii","ASTFOR","Northern sea star (Asterias forbesii)","logAbundance",FALSE,0,0,3
"Boston Harbor NRA","Green Island","2018","Common sea star","Asterias rubens","ASTRUB","Common sea star (Asterias rubens)","Abundance",FALSE,0,0,3
"Boston Harbor NRA","Green Island","2018","Common sea star","Asterias rubens","ASTRUB","Common sea star (Asterias rubens)","logAbundance",FALSE,0,0,3
"Boston Harbor NRA","Green Island","2018","Blood sea star","Henricia sanguinolenta","HENSAN","Blood sea star (Henricia sanguinolenta)","Abundance",FALSE,0,0,3
"Boston Harbor NRA","Green Island","2018","Blood sea star","Henricia sanguinolenta","HENSAN","Blood sea star (Henricia sanguinolenta)","logAbundance",FALSE,0,0,3
"Boston Harbor NRA","Green Island","2018","Green sea urchin","Strongylocentrotus droebachiensis","STRDRO","Green sea urchin (Strongylocentrotus droebachiensis)","Abundance",FALSE,0,0,3
"Boston Harbor NRA","Green Island","2018","Green sea urchin","Strongylocentrotus droebachiensis","STRDRO","Green sea urchin (Strongylocentrotus droebachiensis)","logAbundance",FALSE,0,0,3
"Boston Harbor NRA","Green Island","2019","Northern sea star","Asterias forbesii","ASTFOR","Northern sea star (Asterias forbesii)","Abundance",FALSE,0,0,3
"Boston Harbor NRA","Green Island","2019","Northern sea star","Asterias forbesii","ASTFOR","Northern sea star (Asterias forbesii)","logAbundance",FALSE,0,0,3
"Boston Harbor NRA","Green Island","2019","Common sea star","Asterias rubens","ASTRUB","Common sea star (Asterias rubens)","Abundance",FALSE,0,0,3
"Boston Harbor NRA","Green Island","2019","Common sea star","Asterias rubens","ASTRUB","Common sea star (Asterias rubens)","logAbundance",FALSE,0,0,3
"Boston Harbor NRA","Green Island","2019","Blood sea star","Henricia sanguinolenta","HENSAN","Blood sea star (Henricia sanguinolenta)","Abundance",FALSE,0,0,3
"Boston Harbor NRA","Green Island","2019","Blood sea star","Henricia sanguinolenta","HENSAN","Blood sea star (Henricia sanguinolenta)","logAbundance",FALSE,0,0,3
"Boston Harbor NRA","Green Island","2019","Green sea urchin","Strongylocentrotus droebachiensis","STRDRO","Green sea urchin (Strongylocentrotus droebachiensis)","Abundance",FALSE,0.15,0.15,3
"Boston Harbor NRA","Green Island","2019","Green sea urchin","Strongylocentrotus droebachiensis","STRDRO","Green sea urchin (Strongylocentrotus droebachiensis)","logAbundance",FALSE,0.12,0.12,3
"Boston Harbor NRA","Outer Brewster","2013","Northern sea star","Asterias forbesii","ASTFOR","Northern sea star (Asterias forbesii)","Abundance",FALSE,0.12,0.09,3
"Boston Harbor NRA","Outer Brewster","2013","Northern sea star","Asterias forbesii","ASTFOR","Northern sea star (Asterias forbesii)","logAbundance",FALSE,0.1,0.08,3
"Boston Harbor NRA","Outer Brewster","2013","Common sea star","Asterias rubens","ASTRUB","Common sea star (Asterias rubens)","Abundance",FALSE,0.02,0.02,3
"Boston Harbor NRA","Outer Brewster","2013","Common sea star","Asterias rubens","ASTRUB","Common sea star (Asterias rubens)","logAbundance",FALSE,0.02,0.02,3
"Boston Harbor NRA","Outer Brewster","2013","Blood sea star","Henricia sanguinolenta","HENSAN","Blood sea star (Henricia sanguinolenta)","Abundance",FALSE,0,0,3
"Boston Harbor NRA","Outer Brewster","2013","Blood sea star","Henricia sanguinolenta","HENSAN","Blood sea star (Henricia sanguinolenta)","logAbundance",FALSE,0,0,3
"Boston Harbor NRA","Outer Brewster","2013","Green sea urchin","Strongylocentrotus droebachiensis","STRDRO","Green sea urchin (Strongylocentrotus droebachiensis)","Abundance",FALSE,0.03,0.03,3
"Boston Harbor NRA","Outer Brewster","2013","Green sea urchin","Strongylocentrotus droebachiensis","STRDRO","Green sea urchin (Strongylocentrotus droebachiensis)","logAbundance",FALSE,0.03,0.03,3
"Boston Harbor NRA","Outer Brewster","2014","Northern sea star","Asterias forbesii","ASTFOR","Northern sea star (Asterias forbesii)","Abundance",FALSE,0,0,3
"Boston Harbor NRA","Outer Brewster","2014","Northern sea star","Asterias forbesii","ASTFOR","Northern sea star (Asterias forbesii)","logAbundance",FALSE,0,0,3
"Boston Harbor NRA","Outer Brewster","2014","Common sea star","Asterias rubens","ASTRUB","Common sea star (Asterias rubens)","Abundance",FALSE,0.02,0.02,3
"Boston Harbor NRA","Outer Brewster","2014","Common sea star","Asterias rubens","ASTRUB","Common sea star (Asterias rubens)","logAbundance",FALSE,0.02,0.02,3
"Boston Harbor NRA","Outer Brewster","2014","Blood sea star","Henricia sanguinolenta","HENSAN","Blood sea star (Henricia sanguinolenta)","Abundance",FALSE,0,0,3
"Boston Harbor NRA","Outer Brewster","2014","Blood sea star","Henricia sanguinolenta","HENSAN","Blood sea star (Henricia sanguinolenta)","logAbundance",FALSE,0,0,3
"Boston Harbor NRA","Outer Brewster","2014","Green sea urchin","Strongylocentrotus droebachiensis","STRDRO","Green sea urchin (Strongylocentrotus droebachiensis)","Abundance",FALSE,0.07,0.07,3
"Boston Harbor NRA","Outer Brewster","2014","Green sea urchin","Strongylocentrotus droebachiensis","STRDRO","Green sea urchin (Strongylocentrotus droebachiensis)","logAbundance",FALSE,0.06,0.06,3
"Boston Harbor NRA","Outer Brewster","2015","Northern sea star","Asterias forbesii","ASTFOR","Northern sea star (Asterias forbesii)","Abundance",FALSE,0,0,3
"Boston Harbor NRA","Outer Brewster","2015","Northern sea star","Asterias forbesii","ASTFOR","Northern sea star (Asterias forbesii)","logAbundance",FALSE,0,0,3
"Boston Harbor NRA","Outer Brewster","2015","Common sea star","Asterias rubens","ASTRUB","Common sea star (Asterias rubens)","Abundance",FALSE,0,0,3
"Boston Harbor NRA","Outer Brewster","2015","Common sea star","Asterias rubens","ASTRUB","Common sea star (Asterias rubens)","logAbundance",FALSE,0,0,3
"Boston Harbor NRA","Outer Brewster","2015","Blood sea star","Henricia sanguinolenta","HENSAN","Blood sea star (Henricia sanguinolenta)","Abundance",FALSE,0,0,3
"Boston Harbor NRA","Outer Brewster","2015","Blood sea star","Henricia sanguinolenta","HENSAN","Blood sea star (Henricia sanguinolenta)","logAbundance",FALSE,0,0,3
"Boston Harbor NRA","Outer Brewster","2015","Green sea urchin","Strongylocentrotus droebachiensis","STRDRO","Green sea urchin (Strongylocentrotus droebachiensis)","Abundance",FALSE,0,0,3
"Boston Harbor NRA","Outer Brewster","2015","Green sea urchin","Strongylocentrotus droebachiensis","STRDRO","Green sea urchin (Strongylocentrotus droebachiensis)","logAbundance",FALSE,0,0,3
"Boston Harbor NRA","Outer Brewster","2016","Northern sea star","Asterias forbesii","ASTFOR","Northern sea star (Asterias forbesii)","Abundance",FALSE,0,0,3
"Boston Harbor NRA","Outer Brewster","2016","Northern sea star","Asterias forbesii","ASTFOR","Northern sea star (Asterias forbesii)","logAbundance",FALSE,0,0,3
"Boston Harbor NRA","Outer Brewster","2016","Common sea star","Asterias rubens","ASTRUB","Common sea star (Asterias rubens)","Abundance",FALSE,0,0,3
"Boston Harbor NRA","Outer Brewster","2016","Common sea star","Asterias rubens","ASTRUB","Common sea star (Asterias rubens)","logAbundance",FALSE,0,0,3
"Boston Harbor NRA","Outer Brewster","2016","Blood sea star","Henricia sanguinolenta","HENSAN","Blood sea star (Henricia sanguinolenta)","Abundance",FALSE,0,0,3
"Boston Harbor NRA","Outer Brewster","2016","Blood sea star","Henricia sanguinolenta","HENSAN","Blood sea star (Henricia sanguinolenta)","logAbundance",FALSE,0,0,3
"Boston Harbor NRA","Outer Brewster","2016","Green sea urchin","Strongylocentrotus droebachiensis","STRDRO","Green sea urchin (Strongylocentrotus droebachiensis)","Abundance",FALSE,0.05,0.05,3
"Boston Harbor NRA","Outer Brewster","2016","Green sea urchin","Strongylocentrotus droebachiensis","STRDRO","Green sea urchin (Strongylocentrotus droebachiensis)","logAbundance",FALSE,0.05,0.05,3
"Boston Harbor NRA","Outer Brewster","2017","Northern sea star","Asterias forbesii","ASTFOR","Northern sea star (Asterias forbesii)","Abundance",FALSE,0,0,3
"Boston Harbor NRA","Outer Brewster","2017","Northern sea star","Asterias forbesii","ASTFOR","Northern sea star (Asterias forbesii)","logAbundance",FALSE,0,0,3
"Boston Harbor NRA","Outer Brewster","2017","Common sea star","Asterias rubens","ASTRUB","Common sea star (Asterias rubens)","Abundance",FALSE,0.02,0.02,3
"Boston Harbor NRA","Outer Brewster","2017","Common sea star","Asterias rubens","ASTRUB","Common sea star (Asterias rubens)","logAbundance",FALSE,0.02,0.02,3
"Boston Harbor NRA","Outer Brewster","2017","Blood sea star","Henricia sanguinolenta","HENSAN","Blood sea star (Henricia sanguinolenta)","Abundance",FALSE,0,0,3
"Boston Harbor NRA","Outer Brewster","2017","Blood sea star","Henricia sanguinolenta","HENSAN","Blood sea star (Henricia sanguinolenta)","logAbundance",FALSE,0,0,3
"Boston Harbor NRA","Outer Brewster","2017","Green sea urchin","Strongylocentrotus droebachiensis","STRDRO","Green sea urchin (Strongylocentrotus droebachiensis)","Abundance",FALSE,0,0,3
"Boston Harbor NRA","Outer Brewster","2017","Green sea urchin","Strongylocentrotus droebachiensis","STRDRO","Green sea urchin (Strongylocentrotus droebachiensis)","logAbundance",FALSE,0,0,3
"Boston Harbor NRA","Outer Brewster","2018","Northern sea star","Asterias forbesii","ASTFOR","Northern sea star (Asterias forbesii)","Abundance",FALSE,0,0,3
"Boston Harbor NRA","Outer Brewster","2018","Northern sea star","Asterias forbesii","ASTFOR","Northern sea star (Asterias forbesii)","logAbundance",FALSE,0,0,3
"Boston Harbor NRA","Outer Brewster","2018","Common sea star","Asterias rubens","ASTRUB","Common sea star (Asterias rubens)","Abundance",FALSE,0,0,3
"Boston Harbor NRA","Outer Brewster","2018","Common sea star","Asterias rubens","ASTRUB","Common sea star (Asterias rubens)","logAbundance",FALSE,0,0,3
"Boston Harbor NRA","Outer Brewster","2018","Blood sea star","Henricia sanguinolenta","HENSAN","Blood sea star (Henricia sanguinolenta)","Abundance",FALSE,0,0,3
"Boston Harbor NRA","Outer Brewster","2018","Blood sea star","Henricia sanguinolenta","HENSAN","Blood sea star (Henricia sanguinolenta)","logAbundance",FALSE,0,0,3
"Boston Harbor NRA","Outer Brewster","2018","Green sea urchin","Strongylocentrotus droebachiensis","STRDRO","Green sea urchin (Strongylocentrotus droebachiensis)","Abundance",FALSE,0.03,0.03,3
"Boston Harbor NRA","Outer Brewster","2018","Green sea urchin","Strongylocentrotus droebachiensis","STRDRO","Green sea urchin (Strongylocentrotus droebachiensis)","logAbundance",FALSE,0.03,0.03,3
"Boston Harbor NRA","Outer Brewster","2019","Northern sea star","Asterias forbesii","ASTFOR","Northern sea star (Asterias forbesii)","Abundance",FALSE,0,0,3
"Boston Harbor NRA","Outer Brewster","2019","Northern sea star","Asterias forbesii","ASTFOR","Northern sea star (Asterias forbesii)","logAbundance",FALSE,0,0,3
"Boston Harbor NRA","Outer Brewster","2019","Common sea star","Asterias rubens","ASTRUB","Common sea star (Asterias rubens)","Abundance",FALSE,0,0,3
"Boston Harbor NRA","Outer Brewster","2019","Common sea star","Asterias rubens","ASTRUB","Common sea star (Asterias rubens)","logAbundance",FALSE,0,0,3
"Boston Harbor NRA","Outer Brewster","2019","Blood sea star","Henricia sanguinolenta","HENSAN","Blood sea star (Henricia sanguinolenta)","Abundance",FALSE,0,0,3
"Boston Harbor NRA","Outer Brewster","2019","Blood sea star","Henricia sanguinolenta","HENSAN","Blood sea star (Henricia sanguinolenta)","logAbundance",FALSE,0,0,3
"Boston Harbor NRA","Outer Brewster","2019","Green sea urchin","Strongylocentrotus droebachiensis","STRDRO","Green sea urchin (Strongylocentrotus droebachiensis)","Abundance",FALSE,0.03,0.03,3
"Boston Harbor NRA","Outer Brewster","2019","Green sea urchin","Strongylocentrotus droebachiensis","STRDRO","Green sea urchin (Strongylocentrotus droebachiensis)","logAbundance",FALSE,0.03,0.03,3
"Maine Coast Islands NWR","Petit Manan Island","2014","Northern sea star","Asterias forbesii","ASTFOR","Northern sea star (Asterias forbesii)","Abundance",FALSE,0,0,2
"Maine Coast Islands NWR","Petit Manan Island","2014","Northern sea star","Asterias forbesii","ASTFOR","Northern sea star (Asterias forbesii)","logAbundance",FALSE,0,0,2
"Maine Coast Islands NWR","Petit Manan Island","2014","Common sea star","Asterias rubens","ASTRUB","Common sea star (Asterias rubens)","Abundance",FALSE,0,0,2
"Maine Coast Islands NWR","Petit Manan Island","2014","Common sea star","Asterias rubens","ASTRUB","Common sea star (Asterias rubens)","logAbundance",FALSE,0,0,2
"Maine Coast Islands NWR","Petit Manan Island","2014","Blood sea star","Henricia sanguinolenta","HENSAN","Blood sea star (Henricia sanguinolenta)","Abundance",FALSE,0,0,2
"Maine Coast Islands NWR","Petit Manan Island","2014","Blood sea star","Henricia sanguinolenta","HENSAN","Blood sea star (Henricia sanguinolenta)","logAbundance",FALSE,0,0,2
"Maine Coast Islands NWR","Petit Manan Island","2014","Green sea urchin","Strongylocentrotus droebachiensis","STRDRO","Green sea urchin (Strongylocentrotus droebachiensis)","Abundance",FALSE,0,0,2
"Maine Coast Islands NWR","Petit Manan Island","2014","Green sea urchin","Strongylocentrotus droebachiensis","STRDRO","Green sea urchin (Strongylocentrotus droebachiensis)","logAbundance",FALSE,0,0,2
